symbol,model,scope,n_train,fallback_share,n,auc,brier,log_loss,accuracy,base_rate
AAPL,analytic,common,233995,0.8412098298676749,65232,0.5651862069640246,0.2634046498461052,0.736944597511019,0.5529341427520236,0.516832229580574
AAPL,logistic_imbalance,all,233995,0.8412098298676749,93598,0.5731020854882177,0.24604701101112217,0.6852225949158212,0.5588687792474198,0.5156306758691425
AAPL,logistic_imbalance,common,233995,0.8412098298676749,65232,0.5716594512747049,0.24626688247107567,0.6856500143379896,0.5555862153544273,0.516832229580574
AAPL,logistic_queues,all,233995,0.8412098298676749,93598,0.5738082213385781,0.24589989850117094,0.6849185772267966,0.558537575589222,0.5156306758691425
AAPL,logistic_queues,common,233995,0.8412098298676749,65232,0.5715585288045547,0.2462949575811374,0.6857082414145749,0.5552029678685307,0.516832229580574
AAPL,logistic_all,all,233995,0.8412098298676749,93598,0.5779324771075403,0.24524066768663494,0.6835788001138511,0.5603965896707195,0.5156306758691425
AAPL,logistic_all,common,233995,0.8412098298676749,65232,0.5757903865967913,0.24560259045500088,0.6842992387470823,0.5578243806720627,0.516832229580574
AAPL,boosted_queues,all,233995,0.8412098298676749,93598,0.5473802743154412,0.2491671877003425,0.6917040459288453,0.536539242291502,0.5156306758691425
AAPL,boosted_queues,common,233995,0.8412098298676749,65232,0.5303917718629079,0.24969725557014177,0.6926812873265752,0.5271185921020358,0.516832229580574
AAPL,boosted_all,all,233995,0.8412098298676749,93598,0.5722365515398178,0.24608537046276632,0.6853043468644251,0.551528878822197,0.5156306758691425
AAPL,boosted_all,common,233995,0.8412098298676749,65232,0.5667804337891698,0.24664775594795535,0.6864186117231442,0.5468175128771156,0.516832229580574
AMZN,analytic,common,233995,0.9338374291115312,13165,0.5369283865641876,0.27709364676522175,0.7780653703169567,0.5437143942271173,0.5421952145841246
AMZN,logistic_imbalance,all,233995,0.9338374291115312,93597,0.5391509589000665,0.24833323221593678,0.6898022226679021,0.5270361229526588,0.5279229035118647
AMZN,logistic_imbalance,common,233995,0.9338374291115312,13165,0.5450396978423842,0.2481077009988387,0.689356799126547,0.5315609570831751,0.5421952145841246
AMZN,logistic_queues,all,233995,0.9338374291115312,93597,0.5459630645092867,0.24750232615986442,0.6881130506832077,0.5295041507740633,0.5279229035118647
AMZN,logistic_queues,common,233995,0.9338374291115312,13165,0.5425121951684404,0.24759958803576923,0.6883254741340624,0.53475123433346,0.5421952145841246
AMZN,logistic_all,all,233995,0.9338374291115312,93597,0.546738274906839,0.24745238996849617,0.6880095866588279,0.5323354381016485,0.5279229035118647
AMZN,logistic_all,common,233995,0.9338374291115312,13165,0.5421581216458318,0.2470535963541347,0.6872220397163461,0.5406760349411318,0.5421952145841246
AMZN,boosted_queues,all,233995,0.9338374291115312,93597,0.5325299382913482,0.2513195648091028,0.696288607853802,0.5158498669829161,0.5279229035118647
AMZN,boosted_queues,common,233995,0.9338374291115312,13165,0.5528676224571384,0.24933361080061311,0.6920570090674034,0.5251044436004557,0.5421952145841246
AMZN,boosted_all,all,233995,0.9338374291115312,93597,0.5426921573144333,0.2501577197449857,0.6937726172242124,0.5281579537805698,0.5279229035118647
AMZN,boosted_all,common,233995,0.9338374291115312,13165,0.55496944658721,0.24873709187321025,0.6909781257243398,0.5494113178883403,0.5421952145841246
CSCO,analytic,common,233987,0.17013232514177692,74572,0.6270000960873399,0.24929636191309892,0.7017897881352448,0.5865874590999303,0.5019444295446012
CSCO,logistic_imbalance,all,233987,0.17013232514177692,93578,0.6531112878449341,0.23317773121191596,0.6585429409971915,0.6102930175896044,0.508100194490158
CSCO,logistic_imbalance,common,233987,0.17013232514177692,74572,0.6270236800434625,0.23857662967652535,0.6698859792578505,0.5906372364962721,0.5019444295446012
CSCO,logistic_queues,all,233987,0.17013232514177692,93578,0.6517672326627136,0.23347184429805448,0.6591708075914334,0.6095556647930069,0.508100194490158
CSCO,logistic_queues,common,233987,0.17013232514177692,74572,0.6259148176262787,0.23873541596888276,0.6702521814311647,0.5899399238320013,0.5019444295446012
CSCO,logistic_all,all,233987,0.17013232514177692,93578,0.6529599586579395,0.23388157839871185,0.6603495401481678,0.6129111543311462,0.508100194490158
CSCO,logistic_all,common,233987,0.17013232514177692,74572,0.6276054269788292,0.2391020006014256,0.6712393719652405,0.5932119294105026,0.5019444295446012
CSCO,boosted_queues,all,233987,0.17013232514177692,93578,0.6392446722467878,0.23858609521983526,0.6719272397797597,0.6010707644959286,0.508100194490158
CSCO,boosted_queues,common,233987,0.17013232514177692,74572,0.613462944115531,0.24287119434032958,0.6798405229026915,0.5835300112642815,0.5019444295446012
CSCO,boosted_all,all,233987,0.17013232514177692,93578,0.6309575976229838,0.24620752410770735,0.696758822410366,0.5948086088610571,0.508100194490158
CSCO,boosted_all,common,233987,0.17013232514177692,74572,0.6067003624840461,0.25053361980014915,0.7050802879514004,0.5784744944483184,0.5019444295446012
GOOG,analytic,common,233995,0.9243856332703214,11116,0.5610494492280648,0.28053755439499534,0.7836524867510728,0.5286074127383951,0.47670025188916876
GOOG,logistic_imbalance,all,233995,0.9243856332703214,93598,0.5474258154899765,0.24835823546809702,0.6898589243148555,0.5346268082651339,0.482072266501421
GOOG,logistic_imbalance,common,233995,0.9243856332703214,11116,0.5637141665225432,0.247830870196238,0.6887976190047852,0.5367038503058654,0.47670025188916876
GOOG,logistic_queues,all,233995,0.9243856332703214,93598,0.555922736808528,0.24766314179962612,0.6884168392206715,0.5328746340733777,0.482072266501421
GOOG,logistic_queues,common,233995,0.9243856332703214,11116,0.5657583178820412,0.24765841971316183,0.6884337176087367,0.5358942065491183,0.47670025188916876
GOOG,logistic_all,all,233995,0.9243856332703214,93598,0.5573950146286909,0.24738257972484573,0.6878579546424911,0.5433769952349409,0.482072266501421
GOOG,logistic_all,common,233995,0.9243856332703214,11116,0.5664835740055981,0.24655292708286028,0.6861808878424729,0.5465095358042461,0.47670025188916876
GOOG,boosted_queues,all,233995,0.9243856332703214,93598,0.5468200785569639,0.2518562590459162,0.6976457810854336,0.5357806790743392,0.482072266501421
GOOG,boosted_queues,common,233995,0.9243856332703214,11116,0.5221256403595826,0.2565555367698092,0.7087452201833397,0.5266282835552357,0.47670025188916876
GOOG,boosted_all,all,233995,0.9243856332703214,93598,0.5570626526797868,0.2501068394743014,0.694218329073724,0.5384623603068441,0.482072266501421
GOOG,boosted_all,common,233995,0.9243856332703214,11116,0.5449110689776628,0.25277124712987475,0.6998392589810746,0.53364519611371,0.47670025188916876
INTC,analytic,common,233991,0.15500945179584122,84061,0.6415421958631986,0.24340601945661416,0.6853945020446638,0.5947704643056828,0.49767430794304135
INTC,logistic_imbalance,all,233991,0.15500945179584122,93598,0.6592164087306025,0.2315332774853816,0.6549955308856414,0.6117011047244599,0.5061112416931985
INTC,logistic_imbalance,common,233991,0.15500945179584122,84061,0.6426951494496786,0.23553688366278128,0.6634912429723447,0.5990530686049417,0.49767430794304135
INTC,logistic_queues,all,233991,0.15500945179584122,93598,0.6588133444076903,0.23165114915273163,0.6552842997786944,0.612320776084959,0.5061112416931985
INTC,logistic_queues,common,233991,0.15500945179584122,84061,0.6429664405883119,0.2355193918108324,0.6634810008656542,0.599564601896242,0.49767430794304135
INTC,logistic_all,all,233991,0.15500945179584122,93598,0.6579915432352332,0.23187723442963856,0.6557942589361856,0.6111134853308832,0.5061112416931985
INTC,logistic_all,common,233991,0.15500945179584122,84061,0.6422534451839057,0.2357141172925637,0.6639290007807506,0.5983036128525714,0.49767430794304135
INTC,boosted_queues,all,233991,0.15500945179584122,93598,0.647350457971618,0.23423220357572216,0.6610163536462749,0.5997884570183124,0.5061112416931985
INTC,boosted_queues,common,233991,0.15500945179584122,84061,0.6337575634591605,0.23745755498640267,0.6676563379374689,0.5899287422229096,0.49767430794304135
INTC,boosted_all,all,233991,0.15500945179584122,93598,0.6398466335132176,0.23786793517876503,0.6703159627901258,0.5994252013931921,0.5061112416931985
INTC,boosted_all,common,233991,0.15500945179584122,84061,0.6234197793927264,0.2417154948173801,0.6783838574135431,0.5874186602586217,0.49767430794304135
ISRG,analytic,common,233994,0.9508506616257089,20225,0.5697406075650188,0.2583418251727477,0.7203347130042744,0.5625710754017306,0.44524103831891226
ISRG,logistic_imbalance,all,233994,0.9508506616257089,93598,0.5775767662284093,0.24989207624437867,0.6930245047187763,0.5369131819055962,0.455661445757388
ISRG,logistic_imbalance,common,233994,0.9508506616257089,20225,0.5594560112672599,0.25297257387869315,0.6991092635992763,0.4707540173053152,0.44524103831891226
ISRG,logistic_queues,all,233994,0.9508506616257089,93598,0.5788814485961145,0.2489412651907316,0.6910922983572143,0.5331096818308083,0.455661445757388
ISRG,logistic_queues,common,233994,0.9508506616257089,20225,0.5611482183100892,0.25305353345267306,0.6992985150520392,0.4903337453646477,0.44524103831891226
ISRG,logistic_all,all,233994,0.9508506616257089,93598,0.5756599301173594,0.24910542575552047,0.6914469204315827,0.5326075343490245,0.455661445757388
ISRG,logistic_all,common,233994,0.9508506616257089,20225,0.5492454380167089,0.2523106712033873,0.6977720958276574,0.49522867737948084,0.44524103831891226
ISRG,boosted_queues,all,233994,0.9508506616257089,93598,0.5553130097858867,0.2571626125286744,0.7100362398292707,0.5200431633154554,0.455661445757388
ISRG,boosted_queues,common,233994,0.9508506616257089,20225,0.532004412284322,0.25789737137845453,0.7110817798062741,0.4994313967861557,0.44524103831891226
ISRG,boosted_all,all,233994,0.9508506616257089,93598,0.5446599254835109,0.26150891518616853,0.7198139294996321,0.5163785550973311,0.455661445757388
ISRG,boosted_all,common,233994,0.9508506616257089,20225,0.5406191004997223,0.26120168887822554,0.7192626296915133,0.5131767614338689,0.44524103831891226
MSFT,analytic,common,233995,0.6332703213610587,70168,0.5819899723701587,0.27152187215594215,0.7615738487353252,0.5560226884049709,0.5060711435412154
MSFT,logistic_imbalance,all,233995,0.6332703213610587,93598,0.620764353776367,0.24065650166370367,0.674567419442424,0.5862518429880981,0.5028205730891686
MSFT,logistic_imbalance,common,233995,0.6332703213610587,70168,0.5851690182472399,0.24614019186549374,0.6856379404012074,0.5617945502223236,0.5060711435412154
MSFT,logistic_queues,all,233995,0.6332703213610587,93598,0.62200540482896,0.2402278613998948,0.6736859606382309,0.5861663710763051,0.5028205730891686
MSFT,logistic_queues,common,233995,0.6332703213610587,70168,0.5852104408269604,0.24631167148187633,0.6861028604418776,0.561623532094402,0.5060711435412154
MSFT,logistic_all,all,233995,0.6332703213610587,93598,0.6223879026191459,0.24011226203211392,0.6734670853710351,0.5862625269770722,0.5028205730891686
MSFT,logistic_all,common,233995,0.6332703213610587,70168,0.5859982060047213,0.24618309482189749,0.6859039603127555,0.5617090411583627,0.5060711435412154
MSFT,boosted_queues,all,233995,0.6332703213610587,93598,0.6217575699021007,0.24009937024593406,0.6733870559891928,0.5846492446419795,0.5028205730891686
MSFT,boosted_queues,common,233995,0.6332703213610587,70168,0.5838512806612935,0.2468295708065736,0.6872573869029845,0.5607256869228138,0.5060711435412154
MSFT,boosted_all,all,233995,0.6332703213610587,93598,0.6221229701176152,0.23962744395950103,0.6725247789946804,0.5856214876386248,0.5028205730891686
MSFT,boosted_all,common,233995,0.6332703213610587,70168,0.5856298270785446,0.24614214187418448,0.6859668790522762,0.5622505985634477,0.5060711435412154
MU,analytic,common,233987,0.44234404536862004,66037,0.6144603598148818,0.2461082625848057,0.6891318601231928,0.5777215803261808,0.48728742977421746
MU,logistic_imbalance,all,233987,0.44234404536862004,93595,0.6478723500053069,0.2332316573969237,0.6587703462395743,0.6078209306052674,0.48220524600673115
MU,logistic_imbalance,common,233987,0.44234404536862004,66037,0.6166644194314796,0.23933477014545534,0.6713929837747606,0.5828550660993079,0.48728742977421746
MU,logistic_queues,all,233987,0.44234404536862004,93595,0.6476084488876442,0.23335686726615248,0.6590536263065666,0.60712644906245,0.48220524600673115
MU,logistic_queues,common,233987,0.44234404536862004,66037,0.6168400982629559,0.23934138649527326,0.6714085876059263,0.5829459242545846,0.48728742977421746
MU,logistic_all,all,233987,0.44234404536862004,93595,0.6472120131396242,0.2334734074636938,0.6593271143076532,0.6064105988567765,0.48220524600673115
MU,logistic_all,common,233987,0.44234404536862004,66037,0.6162149902919054,0.23947592972806972,0.6717011707147541,0.5810227599678968,0.48728742977421746
MU,boosted_queues,all,233987,0.44234404536862004,93595,0.6406081486506483,0.23487592630170995,0.6623789313756151,0.6015705967199102,0.48220524600673115
MU,boosted_queues,common,233987,0.44234404536862004,66037,0.6055433500506374,0.24125920810949247,0.6753702397540786,0.5756015567030605,0.48728742977421746
MU,boosted_all,all,233987,0.44234404536862004,93595,0.6461874216097145,0.23419246440477406,0.6612986191262316,0.6071157647310219,0.48220524600673115
MU,boosted_all,common,233987,0.44234404536862004,66037,0.6120553569509601,0.24136418939820536,0.6763958429042858,0.58120447627845,0.48728742977421746
NFLX,analytic,common,233995,0.8998109640831758,29261,0.5475128542858798,0.2784261627112304,0.7872363371031291,0.5252383718943303,0.5337138170260757
NFLX,logistic_imbalance,all,233995,0.8998109640831758,93598,0.5621742260530888,0.24757475678392873,0.6882859779433298,0.5433128913010962,0.5483023141520118
NFLX,logistic_imbalance,common,233995,0.8998109640831758,29261,0.5582122919406152,0.24846048670308532,0.6900652331998991,0.5369946344964287,0.5337138170260757
NFLX,logistic_queues,all,233995,0.8998109640831758,93598,0.5675556043752562,0.24716428960227121,0.6874627833390525,0.5426184320177782,0.5483023141520118
NFLX,logistic_queues,common,233995,0.8998109640831758,29261,0.5578505142155504,0.24807276570096679,0.6892896137744324,0.5413690577902327,0.5337138170260757
NFLX,logistic_all,all,233995,0.8998109640831758,93598,0.5670314810623089,0.2474278721337688,0.688022312405574,0.5432701553451997,0.5483023141520118
NFLX,logistic_all,common,233995,0.8998109640831758,29261,0.5481074829808612,0.24841394887958249,0.6899908079918733,0.5320734082908991,0.5337138170260757
NFLX,boosted_queues,all,233995,0.8998109640831758,93598,0.5556696121765679,0.24833883661198544,0.6899890551644451,0.5419560247013825,0.5483023141520118
NFLX,boosted_queues,common,233995,0.8998109640831758,29261,0.5388848213709635,0.24930290064583935,0.6918627151321074,0.5333037148422816,0.5337138170260757
NFLX,boosted_all,all,233995,0.8998109640831758,93598,0.5625816435137397,0.2485370042123389,0.6906605346212837,0.5447765977905511,0.5483023141520118
NFLX,boosted_all,common,233995,0.8998109640831758,29261,0.5319681284557359,0.25092616900165793,0.6954516658579656,0.5228119339735484,0.5337138170260757
REGN,analytic,common,233992,0.9546313799621928,23839,0.5653171544567698,0.25707349397521867,0.7140772280933602,0.5411720290280633,0.509627081672889
REGN,logistic_imbalance,all,233992,0.9546313799621928,93598,0.5649062396205453,0.2476049309074848,0.6883715695497935,0.5478749545930469,0.5107587768969423
REGN,logistic_imbalance,common,233992,0.9546313799621928,23839,0.5798700213720696,0.2474059566409724,0.6879461015722664,0.5427241075548471,0.509627081672889
REGN,logistic_queues,all,233992,0.9546313799621928,93598,0.5678003926370185,0.2468580597521893,0.6868146677838964,0.547020235475117,0.5107587768969423
REGN,logistic_queues,common,233992,0.9546313799621928,23839,0.5710427292822138,0.2472365629875707,0.6875903441695068,0.5383195603842443,0.509627081672889
REGN,logistic_all,all,233992,0.9546313799621928,93598,0.5618779549241251,0.2480324571982272,0.6892946241617717,0.5455672129746362,0.5107587768969423
REGN,logistic_all,common,233992,0.9546313799621928,23839,0.5475789105912676,0.24787981166986395,0.6888830663927534,0.5284617643357523,0.509627081672889
REGN,boosted_queues,all,233992,0.9546313799621928,93598,0.5468649405351257,0.258541042177989,0.7135870935702964,0.5348618560225645,0.5107587768969423
REGN,boosted_queues,common,233992,0.9546313799621928,23839,0.5248557070213371,0.26155365718047113,0.719912366286418,0.5261126725114309,0.509627081672889
REGN,boosted_all,all,233992,0.9546313799621928,93598,0.5653717404839669,0.2547285102817045,0.7062307710979745,0.5478642706040727,0.5107587768969423
REGN,boosted_all,common,233992,0.9546313799621928,23839,0.5705013687686419,0.249249392221466,0.6924058087292828,0.5485548890473594,0.509627081672889
SIRI,analytic,common,233393,0.3572778827977316,26311,0.6688496043057485,0.2164143770734471,0.6241678857379729,0.629432556725324,0.7082589031203679
SIRI,logistic_imbalance,all,233393,0.3572778827977316,93385,0.7417944057440626,0.21269580228019422,0.6166651630371839,0.7090003747925255,0.5389088183327087
SIRI,logistic_imbalance,common,233393,0.3572778827977316,26311,0.6623047937022247,0.2364125749582725,0.6650909676751176,0.5791874121090038,0.7082589031203679
SIRI,logistic_queues,all,233393,0.3572778827977316,93385,0.7158842948679779,0.2202904545345548,0.6331859845329462,0.670782245542646,0.5389088183327087
SIRI,logistic_queues,common,233393,0.3572778827977316,26311,0.6868566464204355,0.24435424208039244,0.6818112196556178,0.5644787351297936,0.7082589031203679
SIRI,logistic_all,all,233393,0.3572778827977316,93385,0.6953983329280656,0.22659354971835924,0.6408978087355507,0.590801520586818,0.5389088183327087
SIRI,logistic_all,common,233393,0.3572778827977316,26311,0.7398263422292126,0.24725223723760673,0.6886882036762314,0.5649348181369009,0.7082589031203679
SIRI,boosted_queues,all,233393,0.3572778827977316,93385,0.5877029176813323,0.26914342676827097,0.7592360425885085,0.5432671199871499,0.5389088183327087
SIRI,boosted_queues,common,233393,0.3572778827977316,26311,0.6461140924367387,0.27322949393066875,0.7553013399472723,0.48280186994032914,0.7082589031203679
SIRI,boosted_all,all,233393,0.3572778827977316,93385,0.6858154871345219,0.28863406198674385,1.0376619696811935,0.621373882315147,0.5389088183327087
SIRI,boosted_all,common,233393,0.3572778827977316,26311,0.6416030619203025,0.3552289680315171,1.3860656146129262,0.5365056440272129,0.7082589031203679
TSLA,analytic,common,233992,0.8903591682419659,32706,0.5404829536248341,0.28389294362099227,0.8022690335049079,0.510548523206751,0.5436311380174892
TSLA,logistic_imbalance,all,233992,0.8903591682419659,93598,0.5526269167804174,0.2485048186599945,0.6901621098881536,0.5343169725848843,0.5419667086903567
TSLA,logistic_imbalance,common,233992,0.8903591682419659,32706,0.5420153729527611,0.24911384766562095,0.6913738919832705,0.5166024582645387,0.5436311380174892
TSLA,logistic_queues,all,233992,0.8903591682419659,93598,0.5566777439091751,0.24823261162901808,0.6896249648685766,0.534552020342315,0.5419667086903567
TSLA,logistic_queues,common,233992,0.8903591682419659,32706,0.5420087184515978,0.24869658340774478,0.6905409091380321,0.5206995658288999,0.5436311380174892
TSLA,logistic_all,all,233992,0.8903591682419659,93598,0.5574547129729189,0.2514011492381361,0.6973820955315835,0.5261971409645505,0.5419667086903567
TSLA,logistic_all,common,233992,0.8903591682419659,32706,0.5382950602801342,0.25229407351179145,0.6985872451168693,0.5093560814529444,0.5436311380174892
TSLA,boosted_queues,all,233992,0.8903591682419659,93598,0.5456054689431376,0.250995750882185,0.6954954964664447,0.5243167589051048,0.5419667086903567
TSLA,boosted_queues,common,233992,0.8903591682419659,32706,0.5196750105168249,0.2521192942737373,0.6976568431833232,0.5072463768115942,0.5436311380174892
TSLA,boosted_all,all,233992,0.8903591682419659,93598,0.5516202606124859,0.2540607609898475,0.702049611972521,0.5201393192162226,0.5419667086903567
TSLA,boosted_all,common,233992,0.8903591682419659,32706,0.5359803169200527,0.25634328005596585,0.7065251523931606,0.5037607778389286,0.5436311380174892
