symbol,date,aes,n_events,n_unknown_ref,p_spread_one_tick,mean_spread_ticks,median_spread_ticks,p90_spread_ticks,n_trades,price,volume,hidden_share,at_touch_displayed,mean_order_size,trades_per_second,effective_half_spread_ticks,quoted_half_spread_ticks,fill_A,fill_k,fill_r2,hawkes_self,hawkes_cross,hawkes_branching,hawkes_delta,hawkes_lambda,hawkes_ks,hawkes_ks_p,hawkes_branching_single,hawkes_ks_p_single,rv_1s,preavg,tsrv,kernel,noise_var,vol_preavg_pct,optimal_sampling,rv_10s,eta_mid,eta,eta_continuations,eta_alternations,eta_se,implicit_spread_ticks,uz_variance,uz_vol_pct,grid_rv_over_uz,variance_inflation_pred,qr_mean_queue_emp,qr_moves_simulated,qr_holding_s,qr_vol_pct,qr_vol_half_pct,qr_mean_queue_sim,glft_half_spread_flat,glft_half_spread_ticks
AAPL,2019-01-30,205.8474159168631,1668303,0,0.20387380723503581,2.2843526910097225,2.0,3.0,54264,163.1572458923043,9525992,0.11467026216272279,0.98951916495551,175.54901960784315,2.38,0.9139286019849417,0.9608119563614919,3.2390284355911834,174.333541242304,0.9754464367505713,0.7721464612201157,0.112553871237969,0.8847003324580847,0.6595925899821466,1.186975606573505,0.13315844461790127,0.0,0.817557945580858,0.0,0.0002345207689142508,0.00028691350325477533,0.00024266912518440377,0.00025621833410148054,0.0,1.6938521283003878,inf,0.00025477762986636293,0.5020257055043308,0.8565146956722981,7402,4321,0.016397873348228433,-0.7130293913445962,0.00033810285667064676,1.838757343073432,0.6905474671986465,0.5837611456363145,1.469616042826521,2000,0.3582768049331886,1.5663622814996263,0.7831811407498132,3.331078092985402,0.0058284162905455125,0.5828416290545513
AAPL,2019-03-27,156.51766031699086,2010139,0,0.22594099350856617,2.149096583963622,2.0,3.0,39687,188.48147255020535,5527779,0.11388769341176629,0.9883891828336273,139.28437523622344,1.740657894736842,0.7618659611992945,0.8132889863179379,3.0047617730076777,248.57943536099938,0.9287321959319368,0.7244405283183941,0.0959920100938576,0.8204325384122517,0.6284485182245365,0.8716061846976689,0.11061160804023551,1.2333127214722619e-164,0.7285574877556469,0.0,0.00017284420203268476,0.00019657139694483872,0.00016181301802289873,0.00018591569127334432,0.0,1.4020392182276453,inf,0.00019943279887753494,0.6169793019547241,0.7672464622641509,5205,3392,0.01693051111630929,-0.5344929245283019,0.00018919682228835043,1.3754883579600026,0.7865480913897673,0.6516810758885687,1.2911872402749327,2000,0.3778507275970519,1.320319784734687,0.6601598923673435,3.581945157305122,0.004089243130482171,0.40892431304821714
AAPL,2019-07-30,93.21799860696453,1315842,0,0.5334808642550577,1.5169276324383354,1.0,2.0,31930,208.56156529595992,4285477,0.14597534883514718,0.980173678575677,134.21475101785154,1.400438596491228,0.5853158333002895,0.6396335734419041,2.326906676672183,351.51691427345395,0.9035549612370507,0.6891925179194529,0.16221511726829763,0.8514076351877505,0.5269774006511553,0.7032121955724243,0.12251826474164951,3.909061214926695e-199,0.7441080842966592,0.0,5.603905714623227e-05,6.314279936815885e-05,7.176362227125045e-05,6.230288052650601e-05,0.0,0.7946244356182287,inf,6.1851304773272e-05,0.5226764511353973,0.6987577639751553,4275,3059,0.016547763342087633,-0.39751552795031064,5.698372134906335e-05,0.7548756278292693,0.7898175467958926,0.7155555555555555,3.184685524441693,2000,1.2017359095494435,0.6690662632389833,0.33453313161949166,5.5966669927800465,0.0028944958476795598,0.28944958476795596
AAPL,2019-08-30,104.54828121665281,1203774,0,0.30750022256541587,2.0129051136456084,2.0,3.0,36179,208.17445413637745,3530074,0.1604331807208574,0.9899810355315418,97.57245916139196,1.586798245614035,0.7285440297706373,0.7987230161143205,2.0884328198490176,220.86700620682203,0.967081834619829,0.7599523604637268,0.0996305511844421,0.8595829116481689,0.6603218092792847,0.7648256766125433,0.1583537711638532,5.8335271185266874e-263,0.7868912428536472,0.0,9.164340550277912e-05,9.523081793593912e-05,7.727371557410658e-05,9.143038159356935e-05,0.0,0.9758627871578008,inf,9.127643124590265e-05,0.5556449894652116,0.8000394788787999,4053,2533,0.020263589769657437,-0.6000789577575998,9.735103215380604e-05,0.9866662665451071,0.7485429012773454,0.6249691586479151,1.3542776788906659,2000,0.7443761268131389,0.8516953497981714,0.4258476748990857,3.1366809415850603,0.004603803821170715,0.4603803821170715
AAPL,2019-10-30,101.37317473407136,814002,0,0.19805761297421182,2.6213283912512084,2.0,4.0,38821,242.7232904768038,4361046,0.22311757316937267,0.9899306644367792,112.33729167203317,1.7026754385964913,1.0406769798961708,1.154800236985137,1.7285530084002327,131.90758827582366,0.9850526334420365,0.7456648638386583,0.09609050524308119,0.8417553690817394,0.6495743585955771,0.8544713013182882,0.19410807311866018,0.0,0.7874814490558876,0.0,8.188091932874713e-05,0.0001044520186686652,0.0001221838543759419,9.813797008559978e-05,0.0,1.022017703705103,inf,9.19803133193862e-05,0.44623692090300443,0.8549410698096102,3772,2206,0.022915299593574696,-0.7098821396192203,0.00010516080044234803,1.0254794022424245,0.7394876166971629,0.5848356309650053,1.7618776866263206,2000,0.7368367930830341,0.734193991249954,0.367096995624977,2.2841232785301138,0.007705472633656384,0.7705472633656384
AAPL,2019-12-30,99.4626358151197,1519360,0,0.12895520480055941,2.6356939187354285,3.0,4.0,42376,289.51502365017933,5174795,0.1123093765067022,0.9932258241456859,122.11617424957524,1.8585964912280701,0.9893138061543525,1.0461228053615255,3.453700151480389,200.75630054901916,0.9622422740911937,0.7620376995181734,0.10445619245192334,0.8664938919700967,0.6575815070662501,0.9339612300507878,0.173982135002532,0.0,0.7853773672382154,0.0,9.458880078234603e-05,0.00011886473460252755,0.0001239870222748191,0.00012828312215282982,0.0,1.090251047247961,inf,0.00011945774278076182,0.5944398558342093,1.1512875536480687,5365,2330,0.028564412626087478,-1.3025751072961373,0.0001353120202832985,1.1632369504245403,0.6167058748853379,0.4342963653308481,2.176357940111998,2000,0.7694204952098933,0.6023583683043111,0.30117918415215555,2.6593766922217688,0.005061610721042941,0.5061610721042941
AAPL,2020-01-30,96.68386508619787,2008469,0,0.01760986490778805,4.333991756176622,4.0,6.0,44514,321.46526229051534,4137930,0.1917330645999328,0.9951269096236061,92.95794581479984,1.9523684210526315,1.401440401805734,1.5901963427236376,3.0117863346900187,123.67826910462315,0.9795875525237107,0.7878176014081346,0.08495184779556664,0.8727694492037013,0.702865753612568,0.9782589992064002,0.1982415262235288,0.0,0.8105301638339877,0.0,0.00016525439742554076,0.00015656746175522583,0.0001395352789355274,0.00015476797932593045,1.9050464631959333e-11,1.2512692026707355,25655.311685559165,0.00015623232760981882,0.4055359698418793,0.9609848484848484,2537,1320,0.03261325608041259,-0.921969696969697,0.00017914927815881006,1.3384665784352259,0.7811045320523929,0.520299566417028,1.5377298779372528,2000,0.3626213259998665,0.7902185279073005,0.39510926395365026,1.856776269385373,0.008214093324819517,0.8214093324819517
AMZN,2019-01-30,45.80241616038427,938485,0,2.50436445605808e-05,53.8629098140143,50.0,82.0,29383,1653.2673124085356,1387281,0.3494692135191068,0.9978857109296999,47.213729026988396,1.2887280701754387,17.126947788806014,19.91743525167614,1.7593980713213864,9.707244852360558,0.9848321160678772,0.8023883850110491,0.10862659397275903,0.9110149789838082,0.69376179103829,0.6465437146031606,0.2289194110751382,0.0,0.809185502490611,0.0,0.00016764221828894065,0.00015741159696279215,0.00013041796007423067,0.00015400932039627598,2.2435769888658026e-11,1.2546377842341276,23087.51380560258,0.00015418199785823133,0.2608303249097473,3.3869565217391306,779,115,0.33834575499320213,-5.773913043478261,0.00021418988254376956,1.4635227451043238,0.832415873674221,0.14762516046213092,1.4726008884705557,2000,0.9556500504818574,0.09464886403839275,0.04732443201919637,1.6181143739611787,0.10460118975283036,10.460118975283036
AMZN,2019-03-27,42.257430877554526,1279122,0,9.885307833981402e-06,54.03683776365735,52.0,77.0,22480,1764.9968336565837,808681,0.25701605453819243,0.9960508701472557,35.97335409252669,0.9859649122807017,17.287650602409638,18.930649466192172,1.863442773403919,11.852662895836955,0.9519544476522099,0.7839696985873997,0.09293896759350166,0.8769086661809014,0.6910307309938981,0.49516522039099226,0.21487528059564764,2.4943139712137715e-303,0.7787788287353982,0.0,0.0001633448135985907,0.00017492976053045664,0.00018553099304701768,0.0001929988228267074,0.0,1.322610148647199,inf,0.00017497904514240684,0.3209963695038322,0.7066666666666667,106,75,0.10662777068607165,-0.41333333333333333,0.00017506743007593908,1.3231304927177028,0.9881292541194526,0.7075471698113207,0.9008331070806107,2000,1.0759199432746644,0.08355530315404178,0.04177765157702089,1.6148923452375208,0.08566865228404441,8.56686522840444
AMZN,2019-07-30,61.67440475557493,444441,0,6.092301113153981e-06,38.97669216371013,37.0,57.0,18089,1899.0941070540107,612067,0.26213143332347605,0.9960842325095719,33.836419923710544,0.7933771929824561,12.335352419074137,14.10962463375532,1.2483112816236779,14.512554837926954,0.9758603064173746,0.7730065187647887,0.09329131227285,0.8662978310376387,0.6797152064919386,0.40049220923380546,0.2662652477613602,0.0,0.7720253016503409,0.0,4.790692812894212e-05,7.187794462865064e-05,8.864557206404006e-05,8.720241534561029e-05,0.0,0.8478086141851274,inf,5.847105104682265e-05,0.3476134585289515,0.7176470588235294,122,85,0.10139270367355464,-0.4352941176470588,5.217820634623823e-05,0.7223448369458885,0.9821831065105935,0.6967213114754098,0.8507084419021229,2000,1.8137758544319391,0.05980942600645614,0.02990471300322807,1.0809657274694415,0.06997240415143532,6.997240415143533
AMZN,2019-08-30,64.63090689316687,575578,0,2.676854040104041e-07,45.28011485181098,42.0,69.0,16216,1775.731331586088,567758,0.2752228942612874,0.9982749228254948,35.01221016280217,0.7112280701754385,14.2180488469221,16.021090281203747,1.1347465361321625,12.495584301889604,0.9778997061378674,0.7773648099478088,0.08117588526797251,0.8585406952157812,0.6961889246798363,0.36481697359543785,0.21114643098845653,7.45536890978023e-202,0.7796262220475659,0.0,7.488610653746467e-05,7.69081854769503e-05,6.701010007426902e-05,7.394173985767532e-05,0.0,0.876973120893396,inf,7.729065511480546e-05,0.40665206679441557,1.3297872340425532,125,47,0.22753198067682615,-1.6595744680851061,7.683447701628722e-05,0.8765527765986896,0.9370526347198753,0.376,0.5328111743473515,2000,1.4295024159937266,0.07205070327794225,0.03602535163897112,1.1600917336193477,0.08126626101729001,8.126626101729
AMZN,2019-10-30,62.15127065445696,408013,0,1.7404057043133185e-05,60.00212848855163,57.0,89.0,12017,1772.6807103936092,470436,0.3318857400369019,0.9994086339444116,39.14754098360656,0.527061403508772,18.8388808397398,22.07834734126654,0.679182282482353,8.629516905715102,0.9900913368694062,0.7825940039827074,0.0923043091052376,0.874898313087945,0.6902896948774698,0.26565403020942274,0.2709294029590107,9.644636697471605e-245,0.7470013468741291,0.0,7.159177189866928e-05,6.952607514569221e-05,7.552588742146013e-05,6.157366709543083e-05,4.530354658609959e-12,0.8338229736922113,38903.64950052103,6.665085498447904e-05,0.24287151962428716,0.828125,53,32,0.18539261679819197,-0.65625,7.27894172398291e-05,0.8531671421229786,0.9826184459471445,0.6037735849056604,0.8748574995310285,2000,1.9366014780360543,0.06200936446978148,0.03100468223489074,1.487571575026713,0.1176768154927832,11.767681549278318
AMZN,2019-12-30,66.32026612297457,535578,0,1.9450759412964457e-05,57.72359233793081,53.0,92.0,16871,1854.00634776836,631366,0.4399635076960115,0.9974217742880581,37.42315215458479,0.7399561403508772,19.286200632837218,24.224527295358897,0.9100653477058347,7.58297987803179,0.9917172701800592,0.8446104884266706,0.06456391641309184,0.9091744048397625,0.7800465720135787,0.37114101667673216,0.24672354532606816,2.8748412130891423e-204,0.7934597706335103,0.0,9.69482249071044e-05,0.0001510001341538187,0.00021919656160456372,0.00019441896069456873,0.0,1.2288211186084763,inf,0.00011758773063516155,0.15890850722311398,0.8035714285714286,90,56,0.13676836224996058,-0.6071428571428572,9.40574934591966e-05,0.9698324260365633,0.983270600327884,0.6222222222222222,0.7112465091800988,2000,2.0608995792812284,0.057473586180468994,0.028736793090234497,1.2659471761237873,0.13390915039515755,13.390915039515754
AMZN,2020-01-30,64.96650185066828,670235,0,1.9265383710316138e-05,61.07811822739553,58.0,94.0,21033,1862.2339547235295,689960,0.38293234390399444,0.9985321100917431,32.803689440403176,0.9225,18.38781009174312,22.101578471925073,1.3291389499861082,9.556271780506504,0.9675746007610938,0.8200550312339179,0.09183852401177979,0.9118935552456977,0.728216507222138,0.4645503083251968,0.253666944712696,0.0,0.7853953884481959,0.0,0.00010483178022253183,0.00012393618534671378,7.119282127957028e-05,0.00010001339687512289,0.0,1.1132662994392393,inf,0.00011881134103505347,0.20394906097247234,1.150943396226415,122,53,0.18934556605708855,-1.3018867924528301,0.00011865984073420411,1.0893109782527859,0.9636874976167503,0.43442622950819676,0.6430271668206337,2000,1.6613415683651276,0.0637300445177593,0.03186502225887965,1.321542999288836,0.10625626466115685,10.625626466115685
CSCO,2019-01-30,325.1265786016716,821440,0,0.9919298910470347,1.0122821214038342,1.0,1.0,9183,46.40806690623979,4022792,0.10842444749815551,0.9699279379157428,438.0694762060329,0.4027631578947368,0.49962444567627495,0.5459544811063922,0.40688670976829333,386.79832009033976,0.8077661414832181,0.7479969193336623,0.10889806886872208,0.8568949882023844,0.6390988504649402,0.20258865286398087,0.17700261198487183,1.30873811925902e-96,0.7284164593824383,0.0,0.0001636593251904159,0.0001214128176813984,0.00013076437103199325,0.00012439690496666663,9.265438375687565e-11,1.1018748462570438,7543.606864011518,0.000130838380732515,0.795605162190443,0.8278688524590164,1010,610,0.04245153964462161,-0.6557377049180328,0.00015697337814552455,1.2528901713459348,0.6415737555734548,0.6039603960396039,8.350388000690312,2000,2.730933606827085,1.9946140743451537,0.9973070371725768,17.809968387192388,0.0026562317200223714,0.2656231720022371
CSCO,2019-03-27,206.27018436109344,1099801,0,0.9937155888044542,1.0075832567815506,1.0,1.0,12466,53.07442840526231,3368191,0.11231162365792201,0.9673804282569541,270.190197336756,0.5467543859649123,0.47091054632779666,0.516444729664688,0.4653656420783105,9.017651221583424,0.18433988032349435,0.62153994769039,0.09766748227253315,0.7192074299629232,0.5238724654178568,0.2747636602644503,0.21875903744942046,4.0323158393775056e-215,0.6435471488883568,0.0,0.0001625724620139701,8.376476090054958e-05,8.165665573205952e-05,8.56497544638176e-05,1.7282542196295693e-10,0.9152309047478105,3887.0114601094433,0.00010218918646432664,0.7272222222222222,0.6705336426914154,1156,862,0.03017509204946056,-0.3410672853828307,0.0001005129216422606,1.0025613280107137,0.7484079780760894,0.745674740484429,9.373710990108536,95,,,,,0.1126225681850032,11.262256818500319
CSCO,2019-07-30,225.14592755700946,541311,0,0.9742402931524885,1.0565878679674148,1.0,1.0,6024,56.65327647742364,1419273,0.15969232135043787,0.9674908424908425,235.6030876494024,0.26421052631578945,0.47477106227106225,0.5195053120849934,0.2058970583736306,13.949154443105567,0.17123248049938267,0.695969100427192,0.06524696442302266,0.7612160648502146,0.6307221360041693,0.13273320746060427,0.18930179458519195,5.680893692243791e-61,0.6389637991049385,5.18180537787162e-222,5.675347430812361e-05,4.354806901246371e-05,3.586693422776376e-05,4.1651574313774975e-05,2.8962016720165762e-11,0.6599096075407882,8268.119367323072,4.884644487348892e-05,0.6335985025737014,0.6536523929471033,519,397,0.04358285335422966,-0.3073047858942066,4.713153463470747e-05,0.6865241047094229,0.7846736598667566,0.7649325626204239,7.117070365836624,2000,5.890059077242393,1.112559051687368,0.556279525843684,14.561198211616007,0.07285660418102104,7.285660418102103
CSCO,2019-08-30,186.95336684785826,726845,0,0.9716402502547301,1.0383762613334448,1.0,1.0,10377,46.83090099257975,2818463,0.17961172454632188,0.9494283792871554,271.60672641418523,0.45513157894736844,0.4604425016812374,0.530837428929363,0.33949679989283144,11.715687153215468,0.16169317544237793,0.7099047550661268,0.0951420611971494,0.8050468162632762,0.6147626938689774,0.22915953528105776,0.19701486954857828,4.582427137253185e-122,0.7028824956265574,0.0,0.00013734994407167456,0.00011101640685388779,0.0001118668084496767,0.00011286717078211248,5.7758104827487607e-11,1.0536432358910097,9738.59169422404,0.00010999914791954388,0.5528546497132885,0.6988727858293076,868,621,0.036731597399022146,-0.39774557165861507,0.00010817806622042193,1.0400868532022791,0.7325639309095782,0.7154377880184332,7.599344080376896,2000,5.064796496879013,1.4514243849758084,0.7257121924879042,18.813499302420045,0.08670513283873188,8.670513283873188
CSCO,2019-10-30,231.38502783948485,681874,0,0.9661428048008666,1.0383239802637438,1.0,1.0,9078,47.36097132628333,2022735,0.11903536548287344,0.949088453747468,222.8172504957039,0.3981578947368421,0.4761282916948008,0.5338180215906587,0.5700545640141782,485.22903182765157,0.8396866002788529,0.7173224868429282,0.11230485823301257,0.8296273450759408,0.6050176286099156,0.19991401026177533,0.17659636994403788,2.596993939274909e-100,0.7114840654682516,0.0,0.00014782917050300574,8.373747642100791e-05,6.90894289834173e-05,6.996128792451515e-05,1.4055319362888673e-10,0.9150818347066448,4460.320877835026,9.845965507249301e-05,0.5168321104876996,0.6342182890855457,860,678,0.03257263231214869,-0.26843657817109134,0.00010638286986025159,1.031420718524946,0.8012628075847242,0.7883720930232558,7.290879390704446,2000,5.407741477901651,1.388926829593793,0.6944634147968965,17.38690311782261,0.0021150843083726444,0.21150843083726445
CSCO,2019-12-30,238.2913113898817,550474,0,0.9905113756292392,1.0132376477799865,1.0,1.0,5698,47.51729273429273,1907733,0.1661715764208094,0.9549433573635427,334.8074763074763,0.2499122807017544,0.4619155509783728,0.5358897858897859,0.19232741769646952,14.28254695367438,0.14799929950037405,0.6924169129824177,0.1268934333074139,0.8193103462898316,0.5655234796750038,0.12564318264250113,0.1901511001165715,8.231240916959981e-60,0.6763020614804838,3.575050346304482e-197,6.866107523661663e-05,4.910233463696446e-05,4.4617292897774275e-05,4.8330293940877585e-05,4.2894420733752746e-11,0.7007305804441851,6893.62348033243,5.2887533435808875e-05,0.5652282990466633,0.7385321100917431,483,327,0.05288888972668272,-0.47706422018348627,5.69078358727913e-05,0.7543728247543869,0.6856468103992552,0.6770186335403726,11.973260233875264,30,,,,,0.0711624528246159,7.11624528246159
CSCO,2020-01-30,232.15482817386888,1125655,0,0.9684357972537204,1.0454681938607682,1.0,1.0,9074,46.65305170817721,2227434,0.12281710703886176,0.9333151134189669,245.47432223936522,0.3979824561403509,0.4443304181470347,0.5240246859158034,0.3254080464240512,11.68150398629004,0.21491801711730274,0.6469378018278946,0.14832348900390657,0.7952612908318012,0.49861431282398805,0.2003185692399313,0.13707380560868687,5.3165877858735596e-67,0.63170155555625,0.0,0.000186548864551892,0.0001617884922682242,0.00012660620522320762,0.0001604130216608336,5.4301205494225184e-11,1.2719610539172346,13043.839330424154,0.00015747583625652938,0.48450155763239877,0.7161125319693095,1120,782,0.033371378160676896,-0.4322250639386189,0.0001494799626570171,1.2226199845291958,0.7177013932808898,0.6982142857142857,6.558870997496533,2000,3.9854341087977514,1.6424420470916392,0.8212210235458196,18.204440899664444,0.08696057283715504,8.696057283715504
GOOG,2019-01-30,41.096724730127576,1674572,0,5.881184255585656e-07,60.55398182503961,57.0,94.0,7308,1078.6080244252873,295853,0.27600869350657253,0.9951940850277264,40.48344280240832,0.32052631578947366,19.261055452865065,21.733511220580183,0.45385711608867857,8.077728597160652,0.9872214277672803,0.6003218001176176,0.1723554657027583,0.7726772658203759,0.4279663344148593,0.1599351528715968,0.20042551074960785,5.406745692905658e-99,0.7477513009875607,0.0,0.00016424412694098997,0.0001357441514940053,0.00012122883739233199,0.00012017745670033365,6.250049440561904e-11,1.1650929211612493,10565.055572729227,0.0001447851232908127,0.6661887008890164,0.6578947368421053,75,57,0.11560465397552092,-0.3157894736842106,0.0001574614453909244,1.254836425160365,0.9908395559831976,0.7599999999999999,1.2235401052922996,2000,2.206447273917103,0.09547672307002442,0.04773836153501221,2.046497632189787,0.12572446414639402,12.572446414639401
GOOG,2019-03-27,37.47505809885077,1442589,0,1.4213941823189791e-05,63.40708334739308,60.0,92.0,9995,1170.0413423011505,379483,0.3332797516621298,0.9968435292349316,37.96728364182091,0.43837719298245614,18.22041935968736,20.442321160580292,0.7802899911197448,10.71098509059388,0.948508431952223,0.7720176844937545,0.07502615479100566,0.8470438392847602,0.6969915297027489,0.21954253186672398,0.25012243540408213,2.663453433397623e-165,0.7703896418593793,0.0,0.0001522651688986011,0.00016224440344577372,0.00016097563096704825,0.00017351844502111626,0.0,1.2737519516992848,inf,0.00015736832510516085,0.7341948147542324,0.4673913043478261,86,92,0.07010475729328801,0.06521739130434778,0.00013702021417617523,1.1705563385680129,1.0018374703736925,1.069767441860465,1.392861369876912,2000,1.1714161319451297,0.120795601588154,0.060397800794077,1.982996256709482,0.09481003994152767,9.481003994152767
GOOG,2019-07-30,58.3648016194332,820654,0,3.4937697409871947e-06,45.38812176294637,42.0,68.0,7667,1228.6406040302595,297148,0.27273614495133736,0.9952284822903285,38.7567497065345,0.3362719298245614,13.56219122774821,15.322942480761705,0.48285436136477705,11.76476763933803,0.9888290327031989,0.7485905781452051,0.07148550613078694,0.8200760842759921,0.6771050720144182,0.16851472514483593,0.34836634551648293,8.667720102047112e-275,0.7676176475356268,0.0,6.999082978603438e-05,7.586229401686106e-05,5.235077058152539e-05,5.6502637752629605e-05,0.0,0.8709896326412907,inf,8.566029166485433e-05,0.7454912347080338,0.7661290322580645,95,62,0.12508179325221108,-0.532258064516129,6.0146886689770554e-05,0.7755442391622193,0.9849727959038916,0.6526315789473685,1.130586056430318,2000,2.0871337266433576,0.08618028519004059,0.043090142595020295,1.6041516742285036,0.0863309355110188,8.63309355110188
GOOG,2019-08-30,55.60078786525067,1190995,0,9.423373143386628e-06,60.64393183381312,59.0,89.0,6085,1188.9332996713229,198384,0.2930075006048875,0.9980829139707644,32.60213640098603,0.2668859649122807,18.423206326383898,20.911092851273626,0.4994280337964062,10.935557084476416,0.9335781011009354,0.6855403906756568,0.09058238694003029,0.776122777615687,0.5949580037356265,0.13374541421043035,0.25016473062103983,3.2545949706322076e-103,0.7325273660945211,0.0,8.114128203933366e-05,7.539120522454273e-05,7.164856644719392e-05,7.632813534288821e-05,1.2609928189701068e-11,0.8682810905723027,20751.622164115142,7.390693918255258e-05,0.5609212481426449,0.6851851851851852,37,27,0.1734263992239134,-0.37037037037037046,8.060757327672571e-05,0.8978172045395751,0.9880253808296938,0.7297297297297297,0.6996473053992943,2000,1.740990561530395,0.09751068996258372,0.04875534498129186,1.4787219322171783,0.09287387784700865,9.287387784700865
GOOG,2019-10-30,53.72050078892212,757528,0,2.298900731610134e-06,53.54000912872336,50.0,80.0,10142,1261.1164757345691,371237,0.3053278633325881,0.9976438909458095,36.60392427529087,0.4448245614035088,16.027539548973408,19.178613685663578,0.5164248692128562,8.884842594895963,0.9847200119990631,0.7623102147587898,0.09823064562549581,0.8605408603842856,0.664079569133294,0.22334213289225377,0.3030919902372611,2.593996769001892e-239,0.789270475209119,0.0,7.29584899454212e-05,7.544042987269054e-05,8.229194619067663e-05,7.789235297976512e-05,0.0,0.868564504643671,inf,6.925499021886032e-05,0.6712675408327582,0.6666666666666666,100,75,0.1018350154434631,-0.33333333333333326,6.747905717790185e-05,0.8214563724136654,0.9889294415477602,0.75,0.901622998539427,2000,1.543579176332982,0.09763112048978208,0.04881556024489104,1.2724245814342419,0.11430247270226564,11.430247270226564
GOOG,2019-12-30,34.16199773771795,666852,0,1.1171535216837004e-07,50.77317687342155,46.0,79.0,8213,1337.2762673566297,241050,0.42969923252437253,0.997741530740276,29.349811274808232,0.36021929824561405,16.3236486825596,19.96481188359917,0.4338898487830641,9.95222558730173,0.9870360995858382,0.7313418787003725,0.10896763296915349,0.8403095116695259,0.622374245731219,0.1813929112282712,0.25932563654527463,2.9902182457599253e-141,0.7379355972949362,0.0,5.552893986114884e-05,4.7924036701071914e-05,5.216096599537898e-05,6.009097474976627e-05,1.6677565505129274e-11,0.692271888069073,12732.89509147282,4.401457591957378e-05,0.4772292716843386,0.6509433962264151,69,53,0.11889419771011465,-0.3018867924528301,4.789856309658339e-05,0.6920878780659533,0.9881612677551026,0.7681159420289856,1.064224260443094,2000,1.6954389058959072,0.08785079966394066,0.04392539983197033,1.613116193843327,0.10205181591158825,10.205181591158825
GOOG,2020-01-30,40.11828456184603,1269039,0,1.671430130562345e-05,65.06737159459742,62.0,96.0,9282,1444.9569233678085,320409,0.35162245754644844,0.9984530766586456,34.51939237233355,0.40710526315789475,20.588991062220693,23.16537384184443,0.6932107025236716,9.258145569698492,0.9535176343108371,0.6981122749963691,0.11195911974996701,0.810071394746336,0.5861531552464021,0.20395894807608692,0.2587719670994395,1.2464619716807519e-196,0.7739223406761514,0.0,0.00011407544625107195,0.00013012259586796344,8.443803593870181e-05,0.00010934408468025425,0.0,1.140712916854909,inf,0.0001270794874495093,1.087173217980064,0.8103448275862069,94,58,0.13530496546364304,-0.6206896551724137,0.0001170420788516604,1.0818598747141905,0.9845861520989269,0.6170212765957447,1.0494636050760635,2000,1.0623796735684417,0.10271010000822889,0.051355050004114444,1.323614946664276,0.1096875733070638,10.96875733070638
INTC,2019-01-30,263.2847332510666,1165407,0,0.9900223328330661,1.0156906407105628,1.0,1.0,12768,47.01828908991228,5220424,0.09368970796241838,0.9630780823208063,408.86779448621553,0.56,0.48340303287180936,0.5399436090225563,0.5417672060917933,421.46468402197655,0.7677875725387677,0.6450248840661665,0.1187868670660869,0.7638117511322534,0.5262380170000797,0.2808845529040199,0.1695977604979168,3.29691601379913e-145,0.6851012900798663,0.0,0.00022795527084255046,0.00014717736440233948,0.0001516339894349031,0.0001512659672226545,1.7714763952045425e-10,1.21316678326741,5567.374518368987,0.00016805000288184956,0.6813144822315629,0.6540354330708661,1329,1016,0.027256077561220293,-0.3080708661417322,0.00016922244793199368,1.30085528761655,0.7816021607858873,0.7644845748683221,5.929659803005257,2000,1.5212084399635326,2.6378296385661106,1.3189148192830553,20.322854783228546,0.002433069221316498,0.2433069221316498
INTC,2019-03-27,303.01731600418566,1418635,0,0.996519835591137,1.0038516053634283,1.0,1.0,11782,53.28577822101511,3733110,0.08329167905580066,0.979696451904714,316.8485825836021,0.5167543859649123,0.48285656849934666,0.5204973688677643,0.45865591196745104,5.9001291332711485,0.17273557178618737,0.6317363614271105,0.13643700648234103,0.7681733679094516,0.4952993549447695,0.25884364878472665,0.2157776324366543,3.334534823200067e-207,0.648202563494956,0.0,0.00017634903280487537,0.00013611844681879785,0.00012747414475118484,0.00012812618743330867,8.82501282955174e-11,1.1666981049903091,8409.71147216607,0.00014602680887049185,0.6857034795763994,0.7182182182182182,1435,999,0.029594295741410898,-0.4364364364364364,0.00013829530574346646,1.1759902454674804,0.7125537755654546,0.6961672473867596,5.302146979119032,2000,1.1432500846773614,2.68488689260767,1.342443446303835,17.604550495790154,0.1721142618451434,17.211426184514337
INTC,2019-07-30,208.5730712377791,815481,0,0.9860625559323406,1.016842696947599,1.0,1.0,9170,51.98716252998909,2694705,0.10837624155519807,0.9772023641992682,293.860959651036,0.4021929824561403,0.48093160709259775,0.5219738276990186,0.32942494563112346,9.228573179996943,0.15735051070321315,0.6963477189073094,0.09265578567711844,0.7890035045844278,0.603691933230191,0.20170056082582563,0.23315515511563323,8.563560649270798e-166,0.7012674072432389,0.0,9.256957911174662e-05,8.116674874254587e-05,6.621773210707698e-05,7.623163087087228e-05,2.5006755343759186e-11,0.900925905624574,13810.006175260118,8.194356655524975e-05,0.5048793711032801,0.615689381933439,777,631,0.032994215167755275,-0.23137876386687806,7.779830742657507e-05,0.8820334881770368,0.8275359532257651,0.8120978120978121,9.709845916933581,75,,,,,0.11006211309006965,11.006211309006964
INTC,2019-08-30,192.97418659516723,973547,0,0.9923163749511484,1.0098850780322481,1.0,1.0,9373,47.47053624239838,3024851,0.09933712437406007,0.9781406373452726,322.7196201856396,0.4110964912280702,0.48138925467474325,0.5245919129414275,0.3539667404855876,7.981670319944537,0.17657484889252983,0.7174959359730942,0.10619717652730812,0.8236931125004023,0.6112987594457862,0.2040687432748352,0.23927186457865687,9.84501657772137e-186,0.7352546982967629,0.0,0.00011795066737558383,9.2330109580023e-05,8.370220863225025e-05,9.494790261217121e-05,5.619332054402554e-11,0.9608855789323878,8771.740454425062,9.719717659175333e-05,0.5916718458669982,0.7050290135396519,729,517,0.040537501244669094,-0.4100580270793038,8.665300195884738e-05,0.9308759421042494,0.7225952886659169,0.7091906721536351,10.80157715538363,2000,5.297430739378663,1.4000745053218568,0.7000372526609284,24.380602454414692,0.12724618097473225,12.724618097473225
INTC,2019-10-30,165.7944512946979,934342,0,0.9558023493553953,1.0551786211107168,1.0,1.0,13386,56.23984787090991,3201347,0.12652142988560752,0.9594175669328323,239.15635738831614,0.5871052631578947,0.4894044152184124,0.5500149409831167,0.682132119816513,414.19297283975476,0.8462376384704136,0.7226639440990308,0.1447735126808463,0.867437456779877,0.5778904314181845,0.2942318438199808,0.21131613224813794,1.2615983913033145e-209,0.7553596829325987,0.0,0.00017234973385807316,0.00011194343477685628,0.00011271398002553547,9.992864305176076e-05,1.324711161528103e-10,1.058033245114993,5630.73330804098,0.00012810416264850025,0.540267592949955,0.6878198567041965,1344,977,0.028917807563809583,-0.3756397134083931,0.00015009796347055816,1.2251447403084998,0.7591397072401818,0.7269345238095238,8.062551223892745,58,,,,,0.0024708609133863193,0.24708609133863194
INTC,2019-12-30,193.25353534491828,752835,0,0.9932793044674586,1.0086396304444922,1.0,1.0,9510,59.650170294426914,2467291,0.16256412397240536,0.9694091353540998,259.44174553102,0.41710526315789476,0.47444196116776083,0.5324921135646687,0.33705237936856985,9.023066667847774,0.13980310962398346,0.7241212673800264,0.14685438606635504,0.8709756534463814,0.5772668813136713,0.20966886935842197,0.34068298814242626,0.0,0.7687085895118606,0.0,7.347512676176996e-05,5.7021090354221624e-05,5.5363915929020154e-05,6.634887266102987e-05,3.608372969839282e-11,0.755123104892319,8546.652915666571,5.709242370394325e-05,0.6446109693877551,0.7855626326963907,740,471,0.046304859957730704,-0.5711252653927814,6.299705778957759e-05,0.7937068589194476,0.6584801916508457,0.6364864864864864,8.636627061099984,2000,5.921734536332563,1.053832950158637,0.5269164750793185,20.877305974613307,0.11256685680770587,11.256685680770586
INTC,2020-01-30,132.37579320966987,1601352,0,0.9541390437083157,1.0553791277852784,1.0,1.0,17561,65.72078545071466,3560888,0.13698015775840183,0.9549700264882197,202.77250726040657,0.7702192982456141,0.47131116687578417,0.540857582142247,1.764911557881982,645.5382694902657,0.7603719025600421,0.6734105518065376,0.1728243175101004,0.846234869316638,0.5005862342964372,0.38587629880112123,0.20388552304496713,1.8967019070700653e-279,0.7230627922438823,0.0,0.0002187805548393912,0.0002119602420564469,0.00017648425944416336,0.00020084244507193489,1.4959188255479562e-11,1.4558854421157144,36887.36125569606,0.00019485743457274706,0.4862232933819698,0.7933743169398907,2323,1464,0.02647467556380755,-0.5867486338797814,0.00019787148501707196,1.4066679957156627,0.6692791956073668,0.6302195436934998,5.860406726808275,2000,1.8211417718139447,1.7247784032270077,0.8623892016135039,18.95482787129546,0.0015806375729778225,0.15806375729778224
ISRG,2019-01-30,61.870123497178376,97085,0,7.063346840446108e-06,49.38275429042587,44.0,81.0,4391,502.12313577772716,186073,0.33419679373149247,0.9948364888123924,42.3759963561831,0.1925877192982456,14.887039586919105,17.745957640628557,0.1662775427854338,7.884889127037039,0.979782190111164,0.7355603888373761,0.08345345210766052,0.8190138409450366,0.6521069367297155,0.09752416792012052,0.21913666366486995,9.895222653558701e-71,0.7208167098404751,0.0,0.00037777207950887395,0.00019957350258635993,0.00025558114520247434,0.00020908959413007213,3.908326357123739e-10,1.4127048615558735,4024.5875080754863,0.00024762734153555157,0.4533333333333333,6.461538461538462,168,13,1.860154015970598,-11.923076923076923,0.00035461047787865076,1.883110400052665,0.6288146846887959,0.07738095238095238,0.8662984946851058,2000,7.194917245244631,0.11357553592963793,0.056787767964818964,1.5769120523780107,0.12885360621347314,12.885360621347314
ISRG,2019-03-27,49.49736635161803,170032,0,1.5041624220946656e-05,40.636577759967636,38.0,63.0,4911,558.4248989004276,130528,0.3045246996812944,0.9944444444444445,26.57870087558542,0.21539473684210525,11.5235582010582,12.52748930971289,0.395800293443379,16.120485695461383,0.9621226151770871,0.6172499040406407,0.08095089082450965,0.6982007948651504,0.536299013216131,0.10803429548649754,0.1972891893138512,4.57902062639462e-72,0.6806432072232653,0.0,0.00018825060185425016,0.00018121553753959094,0.00020307541268551227,0.00018980347748340945,1.5427907952392608e-11,1.3461632053342973,32551.594334451063,0.00019228062336677202,0.5908382066276803,5.770833333333333,277,24,1.2279375328129443,-10.541666666666666,0.00027483186209471843,1.6578053628056537,0.6116965222038204,0.08664259927797835,0.6720725287023214,2000,5.214807693967159,0.11995656073506089,0.059978280367530445,1.768015214115095,0.06301919306712593,6.301919306712593
ISRG,2019-07-30,71.65182620830315,89042,0,2.4890666663932524e-06,37.64908287839882,33.0,62.0,2645,532.9381861247638,96204,0.2853831441520103,0.9985429820301117,36.37202268431002,0.11600877192982456,11.02887323943662,12.439886578449904,0.1638120072605258,13.002730082320165,0.9872935887964762,0.7088051072069291,0.06492466916623979,0.7737297763731689,0.6438804380406893,0.05905768025505557,0.28413200418392126,1.0234962272527055e-69,0.7246792215076336,1.109690687543856e-279,7.609978349590824e-05,6.210362445994728e-05,7.005173924484067e-05,6.982799156608597e-05,3.0693600461321946e-11,0.788058528663622,10077.65323434339,6.917038327700878e-05,0.5088858509911142,1.1,77,35,0.22424476423255527,-1.2000000000000002,7.705296932449684e-05,0.8777982075881497,0.9407569373189201,0.45454545454545453,0.7935314246588944,2000,7.606639056268584,0.10407218789350921,0.052036093946754604,2.0421386901888825,0.07817235282701604,7.817235282701604
ISRG,2019-08-30,69.90714735363905,102141,0,2.5371057272586353e-07,41.32979441169208,39.0,60.0,3571,511.1065584430132,119711,0.34613360509894664,0.9964257347100873,33.52310277233268,0.15662280701754386,11.528482922954726,12.912069448333801,0.2836655050197696,16.44579012592357,0.9578621537289604,0.712296067355964,0.0845794648151662,0.7968755321711302,0.6277166025407978,0.07878022412548226,0.3173508625253034,4.6277486197414903e-119,0.7241805150544695,0.0,8.8857003685762e-05,9.128509609206141e-05,8.854393800564998e-05,9.534241834848778e-05,0.0,0.9554323424087203,inf,8.280565090466328e-05,0.5851970181043663,3.8035714285714284,213,28,0.7645946948390978,-6.607142857142857,0.0001354357213888791,1.1637685396541664,0.6897087415154027,0.13145539906103287,0.6729754527071772,2000,5.936365313483572,0.12283896979131059,0.061419484895655296,1.3538043463945535,0.06178773149065184,6.178773149065184
ISRG,2019-10-30,72.90849313698527,100233,0,4.316814674229642e-08,50.78439773617442,44.0,80.0,2845,554.3251335676625,89394,0.3560977246795087,0.9935029778018408,31.421441124780316,0.12478070175438596,15.018110449377367,16.42688927943761,0.13273785609084574,9.204845492374927,0.9913094732425973,0.690234892197154,0.07547795449105073,0.7657128466882047,0.6147569377061032,0.06369308227755532,0.32816626855683856,2.785567644095627e-90,0.7391973780417097,4.4483619437488584e-272,0.00013030752933361413,0.00011232018119316199,9.883417137261882e-05,0.00011197829334934112,3.94462849245435e-11,1.059812158795897,12655.553038023525,0.0001210116775120805,0.3752925442995654,1.0,28,14,0.32732683535398854,-1.0,0.00011265559351584812,1.0613933932140718,0.9758351532799462,0.5,0.7361196345712505,2000,7.370263528204992,0.10164870499387547,0.05082435249693774,1.3369325173570645,0.11041042121729655,11.041042121729655
ISRG,2019-12-30,55.493308927202115,105967,0,2.8556958917747354e-06,49.639764816520014,37.0,96.0,2778,593.1221752699784,83138,0.2973610142173254,0.9973711882229233,29.927285817134628,0.12184210526315789,13.305436382754994,16.221202303815694,0.10412575906736199,8.158576315561962,0.992811274949143,0.4872907834946638,0.07651755487494456,0.5638083383696084,0.41077322861971927,0.0611534229796414,0.17754217294214317,8.112916212594851e-29,0.570966795918535,7.424230918371954e-99,0.00016118262105989603,0.00011358958712991473,7.770817488678478e-05,0.00010590044705052057,1.043757241138417e-10,1.0657841579321525,6665.089965743678,0.00011315782550279901,0.2505631783739504,1.2307692307692308,32,13,0.4047960089109366,-1.4615384615384617,0.00012842252472716623,1.1332366245721421,0.9474888457644687,0.40625,0.6443109971441533,2000,3.1355635226531473,0.14564848297036218,0.07282424148518109,1.0665578933512727,0.12458539188741533,12.458539188741533
ISRG,2020-01-30,63.1801264421188,144190,0,5.967096873686485e-07,45.85085546105129,41.0,70.0,3925,565.3231644840764,165653,0.3701774190627396,1.0,42.20458598726115,0.17214912280701755,13.763412955465588,15.583821656050954,0.21146671118390264,10.711391212255576,0.9921650962050602,0.7158899869358549,0.07158732685360852,0.7874773137894635,0.6443026600822463,0.08677652510419932,0.2759469038686379,5.43213509815953e-88,0.7086871436921814,2.475476893481069e-302,0.00021267591361615203,0.00019455881428823445,0.00023190037785628486,0.00024492276814674685,3.973100375864065e-11,1.3948434115994328,18166.067295915447,0.0001834355628433781,0.26969313508383425,1.8076923076923077,47,13,0.5664734112258523,-2.6153846153846154,0.00017350527665472648,1.3172140169870896,0.911461733506792,0.2765957446808511,0.9892731360608371,2000,3.158390991020653,0.15225732704942552,0.07612866352471276,1.767757053270046,0.094856296442439,9.485629644243899
MSFT,2019-01-30,133.18643541865853,1653087,0,0.9111165916718014,1.107586307213006,1.0,1.0,32419,105.48318886455475,7127463,0.10564474343816306,0.971052535637464,219.85449890496315,1.4218859649122808,0.5211207116555471,0.5682624386933588,1.014275509976298,272.06130892397607,0.8367033109255826,0.7342104409839458,0.14976216754174904,0.8839726085256949,0.5844482734421967,0.7129906743079162,0.11423593996415654,9.1028135213086e-158,0.7853618136876017,0.0,0.00014282030267186288,0.00012413659177562794,9.9118245294818e-05,0.00011006087236372443,4.097340962691546e-11,1.1141660189380573,13190.010588409681,0.00012431496707392256,0.4186501749644874,0.6552352551358516,3955,3018,0.015837047806151795,-0.31047051027170314,0.0001235277773021779,1.1114305075090296,0.8009709104835815,0.7630847029077118,5.233896044471271,2000,1.3970118024647478,1.2269437159090153,0.6134718579545076,23.16582569488485,0.003745731322587285,0.3745731322587285
MSFT,2019-03-27,117.18046287585604,2135614,0,0.8903490342180955,1.1167566962421143,1.0,2.0,29952,116.67195076121796,5335986,0.0960476657922266,0.9737680708845018,178.15124198717947,1.3136842105263158,0.49029418622726567,0.5387620192307692,3.1122398981068673,643.6309113655578,0.7579976447109659,0.6201601769134091,0.19515527717623324,0.8153154540896423,0.4250048997371758,0.6522316171713513,0.14736362775798284,2.2783315070163176e-248,0.7307657314008262,0.0,0.00014658233585552636,0.00011666035887096932,0.00011360897136070329,0.00012075841637407168,6.561952179984965e-11,1.0800942499197435,9244.998268807205,0.00012382673692013267,0.47081428571428574,0.7904278462654097,4360,2758,0.01923095484124612,-0.5808556925308195,0.0001270183402703096,1.1270241358121378,0.6757595562905379,0.6325688073394495,4.645746940087326,2000,1.1379783072646368,1.2290639420817373,0.6145319710408687,12.207016626213194,0.001582016230089767,0.1582016230089767
MSFT,2019-07-30,117.39133496718217,1211420,0,0.7840600021228843,1.2376320046707274,1.0,2.0,16517,140.66153770055095,2557569,0.15892826351899011,0.9764004952027237,154.8446449113035,0.7244298245614035,0.5072361497988239,0.5584851970696858,1.4748090495115287,514.8994637344192,0.8366450213320868,0.6382735699335216,0.09597056872557402,0.7342441386590957,0.5423030012079475,0.36330460961941025,0.1631563292849477,3.761078079701885e-157,0.6561625970223894,0.0,5.124531804003874e-05,5.279025418592829e-05,4.957515224324369e-05,5.1995766593239516e-05,0.0,0.7265690207126112,inf,5.015092819607136e-05,0.5103846907452159,0.7548111190306486,2118,1403,0.025982413386084386,-0.5096222380612971,4.790739763852893e-05,0.6921517004134926,0.7356417406240726,0.6624173748819642,4.516127427004461,2000,1.994840775572724,0.7699782356737209,0.38498911783686046,9.897302074364074,0.0019812490117476086,0.19812490117476086
MSFT,2019-08-30,115.89265370846115,1560585,0,0.6525106388396797,1.3764152939949952,1.0,2.0,23627,137.34497182460743,3622188,0.13354966666556237,0.984493670886076,153.3071486011766,1.0362719298245615,0.5507805907172996,0.6013459178059,1.6706921872429772,382.94732294095735,0.9026281399836109,0.8031327741427211,0.16845638019517706,0.9715891543378982,0.634676393947544,0.6876925145273338,0.31447726829454453,0.0,0.7222451509735965,0.0,9.126883263722702e-05,7.863772625386877e-05,8.186173769403027e-05,7.948009107404761e-05,2.770003768313374e-11,0.8867791509382073,12630.30180049098,8.36051385856695e-05,0.47488658457550226,0.7430019305019305,3079,2072,0.02111232181049731,-0.48600386100386106,9.130111979486866e-05,0.9555161944983909,0.7426819441367273,0.6729457616109126,3.240358113361094,2000,1.0792785391646185,1.0720829602815793,0.5360414801407897,12.038982810292403,0.002659740699193338,0.2659740699193338
MSFT,2019-10-30,126.43228837732235,1240070,0,0.670980605058827,1.3593550800918544,1.0,2.0,26350,143.77448047817836,3835913,0.13027250618040606,0.9803686082498037,145.5754459203036,1.155701754385965,0.5898581920642986,0.6323719165085389,1.032623965709988,231.47288920647492,0.9392415135326995,0.6895119162191286,0.15042043284413903,0.8399323490632675,0.5390914833749896,0.5797589395237439,0.15572030982430515,9.78399543664868e-238,0.7726581591898143,0.0,8.707330195897013e-05,6.317289883184675e-05,4.434922367650067e-05,5.081028917458446e-05,5.241362452109971e-11,0.7948138073275195,7134.6237970470465,6.796475486529302e-05,0.4314871986777684,0.6684523809523809,3369,2520,0.017605180245006458,-0.3369047619047618,8.956995809165447e-05,0.9464140642005193,0.8160907951333836,0.7479964381121995,2.527353040723637,2000,1.1841487934607273,0.9777391005957852,0.4888695502978926,5.09806773317069,0.004399961176756766,0.43999611767567665
MSFT,2019-12-30,123.02552141743602,1220972,0,0.7823764958506068,1.2295487640681828,1.0,2.0,20649,157.62717823139135,3066442,0.14557914351551407,0.9749685609916762,148.5031720664439,0.9056578947368421,0.5146721360560512,0.567703036466657,1.3802452787417094,428.7866997472119,0.8995043503097044,0.701435474788471,0.1493361344200726,0.8507716092085437,0.5520993403683985,0.4557712784556261,0.13648777201092258,1.1193616447077672e-141,0.7239324818779898,0.0,4.5623828107731076e-05,4.644830167516316e-05,4.838089882565939e-05,4.535981844981279e-05,0.0,0.6815299089193604,inf,4.410664617617397e-05,0.4032947533975884,0.6784037558685446,2601,1917,0.020421146663293047,-0.35680751173708924,4.48048610402982e-05,0.6693643330825015,0.7878830802231209,0.7370242214532872,4.319541856329819,2000,1.678586776236679,0.7490398594578187,0.37451992972890935,8.547116114522703,0.00237795576451905,0.23779557645190497
MSFT,2020-01-30,99.86012879484821,1854142,0,0.46590929593191444,1.6641171428669117,2.0,2.0,54487,172.27241694899703,7950626,0.22976505246253565,0.9889192471159685,145.91785196468882,2.389780701754386,0.6811075693179518,0.7618422743039625,2.9089950252477603,241.6492456087611,0.9672233821102206,0.8102654920479679,0.09536566221343062,0.9056311542613986,0.7148998298345373,1.2070842816018847,0.12326753414420633,5.29983668269933e-259,0.8212364563742288,0.0,0.00015065476938053277,0.00022802643976160055,0.00014592506201356397,0.00020730544723001354,0.0,1.5100544353154972,inf,0.00018832140677995496,0.30208274458825524,0.7227523324851569,6817,4716,0.013689169554609592,-0.4455046649703138,0.0001677309067676566,1.2951096739954366,0.7746869211007682,0.691799911984744,2.8771482735675264,2000,0.6765589101125268,1.079541576180413,0.5397707880902065,4.937940381576686,0.004206537461748554,0.4206537461748554
MU,2019-01-30,282.5623872610208,1180250,0,0.9679722838622768,1.0406411083512364,1.0,1.0,16869,38.17864872843678,5505769,0.12484777330832442,0.962882096069869,326.38384018021225,0.7398684210526316,0.4835691411935954,0.5478985120635486,1.5948517030289484,593.3826153682467,0.7582408401698508,0.6706657398618581,0.178962521058599,0.8496282609204571,0.49170321880325907,0.37147170647689304,0.17017522493306717,1.8031787696374886e-175,0.7152647930864673,0.0,0.0005789104835693824,0.000578652097920192,0.00048290316398005633,0.0005580808433123883,5.666600491040738e-13,2.4055188586252902,638817.2393049136,0.0005905531491598497,0.6912931708952722,0.8593639575971731,2432,1415,0.028732818069517926,-0.7187279151943462,0.0006096597750827878,2.469128945767693,0.6226328386434394,0.5818256578947368,3.79971199864773,2000,1.2653771662875757,3.561864375197299,1.7809321875986495,19.40042163092769,0.0017197071452993591,0.1719707145299359
MU,2019-03-27,224.43253324398918,1588379,0,0.9623340877050628,1.044072468241125,1.0,1.0,18030,39.45283997226844,6251733,0.09965236839129246,0.9621391716636453,346.7405990016639,0.7907894736842105,0.4747329521684563,0.5294509151414309,1.7873240852432233,635.2724160961736,0.7615789052377624,0.6628507985462462,0.1800511468114126,0.8429019453576587,0.4827996517348336,0.39569759574967805,0.18184098769675672,8.057906680428823e-228,0.7294850767145545,0.0,0.0005819915485151027,0.000462736381878215,0.0007440653929634396,0.0005935737987412204,2.615290764682005e-10,2.1511308232606754,9215.575194796136,0.0004549306582432651,0.6159665444976976,0.7654711673699015,2177,1422,0.026100014438668946,-0.530942334739803,0.0004930278881668064,2.22042313122253,0.685682106090309,0.6531924666972899,7.275802275061458,30,,,,,0.00160596738185594,0.160596738185594
MU,2019-07-30,269.7686030441263,1172630,0,0.9731056470479866,1.0306255008166425,1.0,1.0,12468,47.085519826756496,3826401,0.09933093787086089,0.9833841313538492,306.89773820981713,0.5468421052631579,0.4899557565627765,0.520171639396856,1.350029687168641,691.0478950190236,0.7608899457871049,0.7436547405470237,0.11675945306992364,0.8604141936169474,0.6268952874771001,0.2747710852373839,0.18612154506088746,6.974916865554757e-148,0.7390778384178943,0.0,0.00021780323205731144,0.00020807025436955586,0.00022389403973637276,0.00019330429947300772,2.1344436547152997e-11,1.4424640528261212,28747.287463610766,0.0002138821505238952,0.5135082478243927,0.7336548767416935,1369,933,0.03114597440930973,-0.467309753483387,0.00020546923843709272,1.4334198213959954,0.7103738448931406,0.6815193571950329,6.4067356654347964,2000,1.9076547156978063,2.352180655921715,1.1760903279608574,16.083598847266707,0.0014792506981708277,0.14792506981708275
MU,2019-08-30,241.8607729389656,1202402,0,0.9693873791515497,1.035382784832401,1.0,1.0,12706,45.44614379033527,3053299,0.09621920421157575,0.9627140489780888,240.3037147804187,0.5572807017543859,0.47212483888786594,0.5182197387061231,1.4731003370957672,734.3759221072426,0.7588241576585224,0.7476054451416507,0.10965213622205236,0.8572575813637031,0.6379533089195983,0.2796534900177344,0.22411549628702507,5.841590160887751e-228,0.7138425402098493,0.0,0.0002593825550967589,0.00022294012573279847,0.0001966274636616857,0.000211912677484427,7.991830929209993e-11,1.4931179649739617,12483.641998492572,0.00021080668033316967,0.5182805091090591,0.7022022022022022,1403,999,0.029069469688088056,-0.40440440440440434,0.00020434370494357013,1.429488387303549,0.7418698609093619,0.7120456165359943,4.522007624330119,2000,1.7115833867208274,2.572834550697368,1.286417275348684,13.164125575235031,0.0013917467315882072,0.13917467315882073
MU,2019-10-30,187.28809154259653,953340,0,0.904913376078487,1.1164203062943918,1.0,1.0,8337,47.71069798488665,1911469,0.08223936668604094,0.9467953135768435,229.27539882451723,0.3656578947368421,0.4808063404548587,0.5474391267842149,0.48013712751000037,420.2015201081741,0.8647086877039637,0.579630227402463,0.17180906955192304,0.7514392969543859,0.4078211578505399,0.1832002082976648,0.19341363651639124,5.385843948838629e-125,0.6560525913038443,0.0,0.00024397188134680142,0.00016453851065692337,0.00014556230516893384,0.00014965285462716757,1.7419751640338524e-10,1.2827256552237636,6064.528922736353,0.00019174051040816016,0.3859902509478245,0.6777777777777778,1037,765,0.03230313133485601,-0.3555555555555556,0.00018315486647418907,1.3533472077563433,0.7852874779819554,0.7377049180327868,4.716683142880285,2000,2.4340468078361726,2.0550750930437474,1.0275375465218737,16.471483623121255,0.0024430522432656344,0.24430522432656343
MU,2019-12-30,199.1433823034351,802497,0,0.9618686550708565,1.0466230871248003,1.0,1.0,12771,53.123868921775895,2711948,0.13158180024100757,0.9471130519165454,212.35204760786155,0.5601315789473684,0.46504997573993206,0.5400908307885053,1.1747389042623693,611.2675319761942,0.7580880516733275,0.6945556858581162,0.1634460528658009,0.8580017387239172,0.5311096329923153,0.28224171186285135,0.1953012085940789,5.732407258538601e-171,0.752906815032142,0.0,0.00020140891607238058,0.00015776304263116252,0.00012855305416834895,0.00017599570333338835,9.571547434893742e-11,1.2560375895297184,8790.132358972953,0.00016445297021866075,0.5323275862068966,0.6949064449064449,1337,962,0.029379377227296007,-0.38981288981288986,0.00015461286507422204,1.2434342164916568,0.7530824697483911,0.7195213163799551,4.324492757393627,2000,1.7986507980143096,2.14706308418783,1.073531542093915,14.577124922037703,0.0016724905393301012,0.16724905393301012
MU,2020-01-30,235.12969935535398,1427893,0,0.8928883566935993,1.136023085353081,1.0,2.0,23327,53.979377048055895,5482981,0.16510690078991702,0.9552812516918413,235.04869893256742,1.0231140350877193,0.4803519029830545,0.5453122990526,1.8709908711876166,519.7496668112233,0.7626224393613257,0.7687191711942227,0.12985169279654485,0.8985708639907676,0.6388674783976779,0.5162697252024967,0.185797212466059,1.1515197530855988e-278,0.7780571086991104,0.0,0.0004903357357572715,0.0004934729502070909,0.0003959331375340093,0.0004522280082799055,0.0,2.221425106113395,inf,0.0005018231054598681,0.5150611521673365,0.8170534268753373,3028,1853,0.024098455811120318,-0.6341068537506747,0.0004634594683496921,2.1528108796401324,0.6743108540682956,0.6119550858652576,2.280876564628018,2000,0.8705518133090356,3.037265438171051,1.5186327190855256,13.605125771071872,0.0019609382898326862,0.19609382898326863
NFLX,2019-01-30,89.67765944117278,712659,0,0.0003676030189388655,16.305772429484517,15.0,25.0,20330,336.0592895327103,1863725,0.2537176890367409,0.9932331362632666,91.67363502213477,0.8916666666666667,5.183319324738229,5.831529758976882,1.377900774828549,33.62701891193588,0.9851519278428106,0.7793449200784951,0.10588699610931579,0.8852319161878109,0.6734579239691794,0.44732161336310633,0.22793409613650237,0.0,0.7947939717417523,0.0,0.0003316288492112776,0.000298742803040995,0.0003878676353372629,0.00033203242215383913,7.211915492741744e-11,1.728417782369167,16248.42304443202,0.0002892421880979131,0.4308525506638714,1.5703125,603,192,0.13012489188388582,-2.140625,0.0004081994968084404,2.020394755508043,0.7757770971510771,0.31840796019900497,1.2545669521165954,2000,1.2489941937725342,0.4072975653494169,0.20364878267470846,1.7504631251747782,0.030203806391931137,3.0203806391931134
NFLX,2019-03-27,67.97099684868161,882536,0,0.0003727586052244222,16.911155451724024,16.0,27.0,17184,354.6498507390596,1207847,0.2164711258959123,0.9945046318103313,70.28904795158287,0.7536842105263157,5.196689433192024,5.7352770018621975,1.2172307968240164,33.11816129357916,0.9813396996423315,0.7483564905691585,0.08449647015774144,0.8328529607269,0.6638600204114171,0.3796903828943911,0.19346007449863314,3.93184577834243e-200,0.7399332968669666,0.0,0.00031643349861743453,0.00035278658360494297,0.0003574334234113702,0.000369155127670778,0.0,1.878261386508659,inf,0.00036307186009643344,0.2834015144921229,1.4054054054054055,520,185,0.12031191570574436,-1.810810810810811,0.0003359640443972642,1.8329321984112346,0.8283505123209574,0.3557692307692307,1.2879112809462914,2000,1.0276431168364974,0.42548767888471084,0.21274383944235542,1.700200119751576,0.03066911167436365,3.066911167436365
NFLX,2019-07-30,92.57849490077685,378368,0,0.0015844420429165205,9.641723880607524,8.0,16.0,16226,325.67557510785156,1238841,0.20190645934385446,0.9954919119596924,76.34913102428202,0.7116666666666667,2.9694024573499513,3.4096819918649084,0.9680793991809138,52.18427518936712,0.9902544862351377,0.7664327945564303,0.09896726069700072,0.865400055253431,0.6674655338594296,0.35784208121398364,0.2276542178690767,7.04564096471916e-257,0.760840591065066,0.0,0.0001407074759972773,0.00018055937337466046,0.00019881194033660485,0.00021309613198332482,0.0,1.34372383090671,inf,0.0001659569550445423,0.5589282368371744,1.4017094017094016,656,234,0.10673162981101883,-1.8034188034188035,0.00016484763803992808,1.283930052767393,0.7566017548437738,0.35670731707317077,1.3916288766385434,2000,2.4035552172506773,0.3029672522518455,0.15148362612592275,1.581728640512253,0.019471184148583502,1.9471184148583502
NFLX,2019-08-30,87.44436397072717,367364,0,0.00036615568159020784,12.169934587255481,11.0,19.0,11301,293.00342605964073,743866,0.21597975979544703,0.9949288806431663,65.82302451110522,0.49565789473684213,3.7932949907235622,4.3383771347668345,0.7055096746560536,41.09708821615566,0.9895751462192705,0.7652631612012356,0.09176146781336564,0.8570246290146012,0.6735016933878699,0.2493152623505367,0.21651879393714352,8.00384575755052e-154,0.7407275378075059,0.0,0.00015312184344503548,0.00014773427533915987,0.00014722991845651323,0.00013835505984893917,1.1815205084971051e-11,1.2154598937816083,33936.99132644663,0.0001592959749654468,0.2836874920473343,1.1480446927374302,411,179,0.10281047712221077,-1.2960893854748603,0.00017241659849788704,1.31307501117753,0.8324540278402665,0.43552311435523117,1.1251255126148407,2000,2.3849621988014547,0.33806053948340753,0.16903026974170376,1.6882736380583327,0.024725645102919965,2.4725645102919964
NFLX,2019-10-30,78.74824024099877,623710,0,0.002288704455032381,9.987493382504493,8.0,17.0,23884,290.6134084701055,1804002,0.2411322160396718,0.991242277007978,75.53182046558365,1.0475438596491229,3.253625457381081,3.8102495394406297,1.0359020730640232,38.423585373814724,0.9937668690797014,0.742899106924891,0.12965062842618275,0.8725497353510738,0.6132484784987082,0.5248121061383536,0.23189394345228004,0.0,0.7904846437445926,0.0,0.00029534874864827783,0.0003305426370070306,0.000284825244189932,0.00031671259027070295,0.0,1.8180831581834496,inf,0.00032165945531293223,0.7275083397485245,0.9424603174603174,950,504,0.051935965012130006,-0.884920634920635,0.00027919425030912,1.670910680763996,0.8739391996232723,0.5305263157894737,1.0395432257159498,2000,1.16790168780553,0.4870674839446829,0.24353374197234146,1.6751076908214952,0.026438124120128043,2.6438124120128044
NFLX,2019-12-30,75.60027875269003,318864,0,0.0010710897158155745,12.000708975184143,10.0,22.0,10772,325.8882625603417,634079,0.29691726109838046,0.9928134149587436,58.86362792424805,0.4724561403508772,3.6554538195368647,4.4010861492759,0.4550713447567171,30.953794621096286,0.995982617965085,0.7501899144990141,0.08312189158190311,0.8333118060809172,0.667068022917111,0.23697372150215484,0.247434489494974,6.00443436037776e-171,0.7461265661387269,0.0,0.0001741292086433468,0.00016425614120744178,0.00014802493251099715,0.00014987660298468,2.165193849844297e-11,1.281624520705818,24321.847269263737,0.00017891386427265412,0.33973923672416134,1.5783132530120483,524,166,0.14057175312966963,-2.1566265060240966,0.0001688564513337746,1.2994477724548017,0.7773340254929921,0.31679389312977096,0.9500433638580659,2000,2.576781264209051,0.29241552919753305,0.14620776459876653,1.616844746784551,0.03283254664277039,3.283254664277039
NFLX,2020-01-30,73.58603311735061,498198,0,7.12757114455343e-05,17.96328251085352,17.0,28.0,16936,343.8726750649504,1000545,0.34686096077637685,0.9936888319765846,59.077999527633445,0.7428070175438597,5.781288758803623,6.700283419933869,0.9177408877834586,26.538631639964994,0.9920710048359183,0.7708187999401576,0.10767564945569592,0.8784944493958535,0.6631431504844616,0.3731245803659186,0.29420443423208137,0.0,0.8251603071128655,0.0,0.0002466517474239778,0.00027632986028295015,0.0002082888040871692,0.0002477605917494505,0.0,1.6623172389256817,inf,0.0002555408599846945,0.32323149812122204,4.282786885245901,1045,122,0.4097545941595962,-7.5655737704918025,0.0005034646738408087,2.243801849185459,0.46140601838939055,0.1167464114832536,1.1786941583824218,2000,2.5131864247881524,0.28060661768386064,0.14030330884193032,2.309381054699811,0.03827361388761183,3.827361388761183
REGN,2019-01-30,67.83681214421253,75026,0,8.955547931821272e-08,39.92382169356669,35.0,62.0,3656,416.0084806892779,174892,0.31469707019188986,0.9952100221075902,47.83698030634573,0.16035087719298247,12.031610169491525,13.528856673960613,0.2682499876041384,14.089353930087004,0.9788345190015164,0.6613835209785365,0.0895034613505954,0.7508869823291319,0.5718800596279411,0.08038914260436687,0.25118154482453864,1.990824597363089e-70,0.6930011067142214,6.762246134883511e-293,0.00021623842659704247,0.00016910250159002035,0.00015463250939805665,0.00015263735249660787,1.0337369731525807e-10,1.3003941771248453,8745.943309050095,0.00017648107401848972,0.5069284064665127,4.40625,141,16,1.16238343669645,-7.8125,0.00031361620081010256,1.7709212314784148,0.6555974592761067,0.11347517730496454,0.9482964881209843,2000,8.857407109534023,0.12355275712914654,0.06177637856457327,1.6372811029976975,0.07211613731155411,7.211613731155411
REGN,2019-03-27,69.8628033123636,150678,0,1.948001230419502e-06,33.59604622548055,31.0,52.0,3657,402.9753976483456,121128,0.19060002641833432,0.9959209287731409,33.12223133716161,0.16039473684210526,8.754556008785691,9.343861088323763,0.28612946349887014,20.305602708482226,0.979895269967428,0.6490979171682856,0.060284436342822836,0.7093823535111085,0.5888134808254627,0.08011493895335249,0.2709899528119456,2.131360832250402e-143,0.7090064607298056,0.0,0.00021373658628727593,0.00019349131237715795,0.00017534829777266094,0.00018514919847387146,4.4398114690364306e-11,1.3910115469583924,16807.816471037004,0.00020656619731129254,0.48683310533515733,11.714285714285714,492,21,2.610251152421391,-22.428571428571427,0.0005418962298433598,2.3278664692017017,0.3256571067565253,0.042682926829268296,0.7055430970844272,2000,4.179991402736619,0.18566998482797334,0.09283499241398667,2.3033340233013755,0.05005190134624063,5.005190134624063
REGN,2019-07-30,84.03283399571997,79451,0,5.9374337445777156e-05,27.51074167259219,22.0,47.0,2802,308.60828090649534,141467,0.27050124764079253,0.9936678032148076,50.48786581013562,0.12289473684210526,7.965996103263517,9.026945039257674,0.13981368614481446,16.636440710445168,0.9944695779851176,0.668139648451609,0.08176407931160715,0.7499037277632161,0.5863755691400019,0.0616307878729238,0.28231755617849924,3.816063784925161e-71,0.7063765131383848,1.5286661787060923e-242,0.00018658079944374676,0.00019696864576301796,0.00016088453018788792,0.00019200914429603526,0.0,1.4034551854726889,inf,0.0001996378992749851,0.37060546875,1.3478260869565217,62,23,0.3290664135530137,-1.6956521739130437,0.0001709348088162665,1.3074203945795955,0.9093119096986814,0.3709677419354839,0.8975677910582905,2000,10.694482035041348,0.15157252160933665,0.07578626080466833,1.4837451434604407,0.0611317658556301,6.11317658556301
REGN,2019-08-30,80.62350953895071,123435,0,4.4768074451157994e-06,28.207117308242893,23.0,47.0,3674,288.7551248502994,117088,0.2881166302268379,0.9915503306392358,31.869352204681547,0.16114035087719297,7.4696656869948574,8.635274904735983,0.1759435981271838,17.177712553490878,0.993257949828062,0.5838042110046229,0.07894684227086875,0.6627510532754917,0.5048573687337541,0.08100037200311166,0.2707252768623626,3.6180379352630503e-112,0.6882307588015704,0.0,0.00023215029752945602,0.0001872343995572084,0.0001798076304124902,0.00017822656016526416,9.851446700878116e-11,1.3683362143757227,9665.78408780382,0.00020764095435906295,0.43394388152766955,2.45,196,40,0.4250735230521892,-3.900000000000001,0.0002719944228676915,1.6492253419945118,0.7571752694645576,0.2040816326530612,0.5348740247689288,2000,6.665385383811123,0.20519444311303806,0.10259722155651903,1.43618671791886,0.0591879382950054,5.918793829500539
REGN,2019-10-30,80.5737525768075,102554,0,0.0008540683381726856,32.1479178367673,27.0,52.0,2489,309.92485371635195,105732,0.313424507244732,0.9955678670360111,42.47971072719968,0.10916666666666666,7.920155124653739,9.281840096424267,0.10770413467307029,14.898917685298844,0.9891055596751516,0.6909668727085219,0.09153616518713172,0.7825030378956536,0.5994307075213902,0.05452609757868254,0.26756620712467466,4.965294963471235e-65,0.6972708751733268,1.7997834718033224e-221,0.00017669548534615445,0.00014831880935268975,0.00012813602715373295,0.00013905868696673213,6.223009849530412e-11,1.2178620995526948,11240.280891997536,0.00014963697436783964,0.3289594140982606,2.15,86,20,0.5337368265353254,-3.3000000000000003,0.0001721704950149008,1.3121375500110526,0.8209431570452342,0.23255813953488372,0.6116980094779015,2000,5.374173880312626,0.2129098073091456,0.1064549036545728,0.9774045226325313,0.0682792163808065,6.82792163808065
REGN,2019-12-30,78.18918595609786,80555,0,0.00014681968171203195,29.52081399060082,24.0,53.0,2589,373.7254622634222,96366,0.3237967747960899,0.9973175965665236,37.22132097334878,0.11355263157894736,7.814206008583691,9.282155272305909,0.1023102993394844,14.115021702114685,0.9896452948066135,0.6237383521983519,0.07335008355095271,0.6970884357493047,0.5503882686473992,0.05734901097887634,0.25773783257988936,1.0227556905230486e-73,0.6704115337339562,4.826937445468451e-272,0.00012154069989039827,9.967684075433952e-05,9.233237331238221e-05,9.550346181959055e-05,4.7985363614944284e-11,0.9983828962594437,10255.818330949814,0.000102991665201146,0.27771493212669685,8.083333333333334,194,12,2.4045433461893975,-15.166666666666666,0.0002446747786356221,1.5642083577184405,0.3771240318614309,0.06185567010309278,0.5577397782049598,2000,9.140568583369307,0.13538440329841347,0.06769220164920674,1.1788022691730757,0.07207082512881191,7.207082512881191
REGN,2020-01-30,83.33507701249637,120430,0,5.820796485648192e-07,31.116567905069257,27.0,47.0,4335,335.0414584313726,193042,0.3448109737777271,0.994378074490513,44.531026528258366,0.19013157894736843,8.611275474349965,9.926989619377162,0.14095998786773326,12.532078605977874,0.9501980608080426,0.6595360906184238,0.06430018547138644,0.7238362760898103,0.5952359051470373,0.0961392835197769,0.29214294174997274,7.429881100755965e-108,0.7188243303884245,0.0,0.00024766571042760514,0.00027695915113761784,0.0002963907316296183,0.00026961873913899773,0.0,1.6642089746712034,inf,0.0002623593018468437,0.36362545018007203,0.61,61,50,0.1163700992523423,-0.21999999999999997,0.00021775640448762934,1.4756571569562809,0.9930509254943182,0.819672131147541,0.8396632169783802,2000,6.132033675078338,0.18437715637713542,0.09218857818856771,1.44288419405949,0.08111899184728448,8.111899184728447
SIRI,2019-01-30,1968.6945027276543,193250,0,0.999540013651082,1.0004633429849936,1.0,1.0,2957,5.935440683124789,9277403,0.10277132512191181,0.9446685878962536,3137.437605681434,0.12969298245614036,0.4475504322766571,0.5133581332431518,0.086995914108812,29.352339028880152,0.2349322334192223,0.7624512393569338,0.09171170344458937,0.8541629428015232,0.6707395359123445,0.06528938272379076,0.15344247611137635,7.47832449879834e-20,0.708093636664709,8.446726883249324e-135,0.0009352205135518217,0.0004621902739986066,0.0005600812652842146,0.0004852817057579143,1.0383990787886303e-09,2.149861097835408,3672.4087059801013,0.0005177824215940659,0.4182948490230906,0.5616438356164384,82,73,0.09037711826230967,-0.12328767123287677,0.0005084086127188098,2.2547918146002077,0.898891013384289,0.8902439024390244,18.28626239341266,2000,36.60297888613403,4.259873904986548,2.129936952493274,24.724828440014534,0.03474986022579071,3.4749860225790714
SIRI,2019-03-27,4739.197705840181,113890,0,0.9999993537893338,1.0000006462106663,1.0,1.0,1874,5.692670277481323,6272705,0.23430896240138824,0.9637243047158404,3347.227854855923,0.08219298245614035,0.46372430471584036,0.512273212379936,0.04235098818246368,32.77473861500027,0.14386901608888825,0.7665233399793929,0.03086398401779972,0.7973873239971927,0.7356593559615932,0.04189263817447379,0.3069292839500598,2.0599532331720144e-23,0.613343975722099,2.054756154723306e-70,0.00020294826972558914,0.00011498365977164444,0.00011518172480918086,0.00011826913984070167,1.9296916944671182e-10,1.0723043400622998,4460.79367368447,0.00014747774005196667,0.3137931034482759,0.6176470588235294,21,17,0.20151067971772924,-0.23529411764705888,0.00016028014337839182,1.2660179437053483,0.8471121177802832,0.8095238095238095,24.977893826572878,2000,46.97080017549538,3.920829159337734,1.960414579668867,45.819387069084435,0.03128645243555111,3.128645243555111
SIRI,2019-07-30,2106.1907460302837,137902,0,0.9999179473907335,1.0001755141454403,1.0,1.0,2811,6.206021237993597,6466791,0.23006959711547814,0.9692737430167597,2300.530416221985,0.12328947368421053,0.4731983240223464,0.5135183208822484,0.040226105907691455,59.92583675379527,0.1288248591627934,0.8430246140298119,0.03315340994917151,0.8761780239789834,0.8098712040806404,0.06225563300676583,0.34159586405763526,6.131392060114153e-39,0.5689724510885944,7.258380712409097e-142,0.00028631926672085357,0.00017114935612839253,0.0001351210448648327,0.00016650193629209843,2.526420508672823e-10,1.3082406358479794,4859.143862586273,0.00023421141982705258,0.41794871794871796,0.4444444444444444,24,27,0.12468524615261824,0.11111111111111115,0.00011770397743351132,1.0849146391929243,1.1470588235293844,1.125,30.070035553751264,2000,164.9280032997743,1.9193203614495915,0.9596601807247958,49.96687292210547,0.017239464612173083,1.7239464612173083
SIRI,2019-08-30,2777.6555043951444,123500,0,0.9999994789966391,1.000000521003361,1.0,1.0,1388,6.20091469740634,2037398,0.1443552020763739,0.9680111265646731,1467.8659942363113,0.06087719298245614,0.4680111265646732,0.5043227665706052,0.03438421806757441,28.579344452259395,0.12972178604014895,0.7847757491784025,0.017421643789914,0.8021973929683165,0.7673541053884886,0.0307675268127358,0.3529979716079781,5.3265249645247284e-17,0.5577097290516951,1.5792308721395192e-40,0.00012483088849516328,8.760563553900768e-05,6.141245180831313e-05,8.078005064195333e-05,8.176953329882218e-11,0.9359788220841735,6595.894287741186,9.889986312126234e-05,0.47101449275362317,0.21052631578947367,8,19,0.08872918214984468,0.5789473684210527,2.956573201525344e-05,0.5437438001049155,2.4629629629628824,2.375,21.80489876054745,2000,47.72407199072784,3.570947173891582,1.785473586945791,43.81866719126208,0.03590251109307766,3.5902511093077663
SIRI,2019-10-30,1805.9077041626697,133230,0,0.9999213164886295,1.0000802904041277,1.0,1.0,2833,6.3996211083656895,3052653,0.23449242347558008,0.9507620164126612,1077.5337098482175,0.12425438596491228,0.45630715123094956,0.5093540416519591,0.04543739544679247,57.11928589829577,0.13178901406800891,0.8606852423858067,0.02720218634360932,0.8878874287294161,0.8334830560421974,0.06308362690372825,0.197453095398968,4.3444235032402253e-16,0.5470584599815357,8.430825423917163e-53,0.00018195565106442265,0.00015763653738191876,0.00017566440609936886,0.00016960471916954112,5.333209139265843e-11,1.2555338999083965,12974.546420784203,0.00016474418486045407,0.3218390804597701,0.7083333333333334,34,24,0.1888454811234326,-0.41666666666666674,0.00020062596768251136,1.4164249633584949,0.7180527383366484,0.7058823529411764,22.373935337550584,2000,110.65344429208291,2.272328932405586,1.136164466202793,41.81599128182385,0.01804522417208057,1.804522417208057
SIRI,2019-12-30,3055.5931878501915,71102,0,0.9999989728620382,1.0000010271379618,1.0,1.0,1400,7.1068744285714285,1329892,0.2072288576816764,0.9747081712062257,949.9228571428572,0.06140350877192982,0.48151750972762647,0.5071428571428571,0.027396547169371042,53.62690874533951,0.16974284635056158,0.7064409388468715,0.01661290536123314,0.7230538442081047,0.6898280334856384,0.031120318602220087,0.3142562958300239,2.78635553486057e-19,0.3918248104103385,5.537477580734189e-39,6.33459904062636e-05,5.218608801149175e-05,3.4968063945803765e-05,5.0458882961646374e-05,2.4620002371067836e-11,0.7223993909984403,10394.998656142181,5.542220664104178e-05,0.4387755102040816,0.5454545454545454,12,11,0.22768557543728776,-0.09090909090909083,4.967742919100007e-05,0.7048221704160565,0.9565217391305089,0.9166666666666667,26.909012183825386,2000,66.56220530666677,2.6382468943169735,1.3191234471584867,52.74303953692265,0.019346680995402696,1.9346680995402696
SIRI,2020-01-30,3677.0150149806736,182196,0,0.9999412635346787,1.0000587364653213,1.0,1.0,2744,7.120137390670554,3863188,0.17983359857195663,0.9213381555153707,1407.8673469387754,0.12035087719298246,0.4263110307414105,0.5067419825072886,0.054756887070955725,44.01196313691211,0.1354773026068249,0.8114328441389442,0.02238250520135102,0.8338153493402952,0.7890503389375932,0.061366736492129884,0.07689969660472558,4.024185185511633e-05,0.48458595287357104,4.925533222600663e-28,0.00014429650487044116,0.00011037764313891912,9.558980064671364e-05,0.00011898437232347028,7.52434885833741e-11,1.0506076486439604,8133.075400083272,0.00010761101064596701,0.4105691056910569,0.5476190476190477,23,21,0.1652841917836002,-0.09523809523809534,9.50570801406067e-05,0.9749722054530924,0.9337944664031744,0.9130434782608695,17.739685272325065,2000,24.398698436953868,4.349468853180827,2.1747344265904136,23.736657034515215,0.023306240129743458,2.330624012974346
TSLA,2019-01-30,86.50760209947042,931793,0,0.0006183586334201292,15.685790471525412,15.0,24.0,29111,302.8935867850641,2611205,0.22911222979429038,0.9870845882893461,89.69822403902305,1.276798245614035,4.4572969523712285,5.207155370822026,1.8794349510391144,37.571818404572,0.9845027464201057,0.7604661898312917,0.1287049506160666,0.8891711404473583,0.6317612392152251,0.6415691760336221,0.2665162691179519,0.0,0.806447999499581,0.0,0.0003774524887428255,0.0003335363363723634,0.00039396144848764006,0.00038596066813088875,9.630819649835115e-11,1.8262977204507578,14420.044661836555,0.0003156007450559953,0.66585713089356,0.8846153846153846,966,546,0.047363686631913995,-0.7692307692307692,0.0004835744253733964,2.199032572231245,0.9065800216746869,0.5652173913043479,1.544798659100257,2000,0.9791601904463038,0.5103768611041011,0.25518843055205054,1.870760894374393,0.027030896791195778,2.7030896791195778
TSLA,2019-03-27,73.167901740666,812715,0,0.0005459874211375194,13.976951238356262,13.0,23.0,19162,272.1015745068364,1914396,0.19766756721179943,0.9908934934670715,99.90585533869115,0.8404385964912281,4.116098719809951,4.5140382006053645,1.186718086379173,37.59702610850055,0.9906259844565339,0.7012655554907099,0.11148767512293348,0.8127532306136434,0.5897778803677765,0.4228509997056484,0.19092105171854354,3.412559338371455e-300,0.7825113299079315,0.0,0.00035410431762032245,0.00041278655910402756,0.00032716072496625175,0.00041170910972299996,0.0,2.0317149384301616,inf,0.0003774028458087143,0.41319207108680794,1.1176470588235294,874,391,0.06799952003570366,-1.2352941176470589,0.000391696683777794,1.9791328499567533,0.8359592459387557,0.4473684210526316,1.633816449818446,2000,1.5935424169063461,0.4453434404396339,0.22267172021981696,1.882808241851889,0.027017278782921185,2.7017278782921186
TSLA,2019-07-30,97.53003269952768,472639,0,0.0022211643183836474,8.813458960979256,8.0,14.0,18563,239.54775969940206,1733107,0.18113365187492753,0.9947400778741717,93.36351882777568,0.8141666666666667,2.9384486645262653,3.2472930022086945,1.217933724132926,53.091491534223366,0.9917742817688117,0.769402277839069,0.08261137048317571,0.8520136483222447,0.6867909073558933,0.40820211200517786,0.20825142509309866,4.591995707195163e-285,0.7752223222502056,0.0,0.00024505138104738335,0.00029687899794204864,0.00033772366337392296,0.0003283265528316068,0.0,1.7230176956202412,inf,0.0002577748076784742,0.40836633663366334,1.21524064171123,909,374,0.07465482312148604,-1.43048128342246,0.0003097538140487355,1.7599824261870785,0.7751266736213934,0.4114411441144114,1.7384817711157992,2000,2.273878043711793,0.4234793433681847,0.21173967168409236,2.593012375859878,0.019135670076640222,1.913567007664022
TSLA,2019-08-30,97.4752048708429,411367,0,0.0008181155267225891,10.451762807457001,9.0,17.0,18043,227.610446926786,1522003,0.23026301525029846,0.9925298089354978,84.35420938868259,0.791359649122807,3.2860336158597905,3.6275841046389186,1.2351106055694094,48.09868086460315,0.9886988460163882,0.8078539034070452,0.08346878849208195,0.8913226918991272,0.7243851149149633,0.39652254141824106,0.23897965664064696,0.0,0.8120184875753562,0.0,0.000277233225962166,0.00026495368073607364,0.0002989510390548142,0.0002936561480055572,2.6929063470057584e-11,1.627739784904435,28925.38452343765,0.00027329397300724853,0.3714160510830099,1.0961538461538463,684,312,0.07488517230063726,-1.1923076923076925,0.00035139314228319464,1.8745483250191086,0.8142292959694755,0.45614035087719296,1.237298637049274,2000,2.1270891150405222,0.4608110604821904,0.2304055302410952,1.9323047631660992,0.021120625704346224,2.1120625704346225
TSLA,2019-10-30,94.01869594145043,485132,0,0.0001950498477172062,17.292629064020463,16.0,29.0,22387,313.54229166927234,1774897,0.3360882349792692,0.9894222945484134,79.28248537097423,0.9818859649122808,5.080468229898661,6.177201054183231,1.2092402090639789,28.170975648414686,0.9936232143335043,0.8042620553375293,0.09955356390405605,0.9038156192415854,0.7047084914334732,0.4932637281201275,0.2839483725675814,0.0,0.8115774291148495,0.0,0.00032388388170514213,0.0003702591094506678,0.00046511394823898794,0.0004544903235611454,0.0,1.924211811237702,inf,0.00032626743610183464,0.2766046790641872,1.0306603773584906,437,212,0.08626393795328095,-1.0613207547169812,0.00036240325776678504,1.903689201962298,0.8881811186032396,0.4851258581235698,1.3115984000508745,2000,1.9409298364159548,0.3501925336359418,0.1750962668179709,1.4931472768342233,0.036052989980592684,3.6052989980592685
TSLA,2019-12-30,78.37419315312476,545066,0,0.00018740808663425095,16.16913509308759,14.0,25.0,36384,415.56961328331136,2650988,0.30720244678587755,0.9962264150943396,72.86136763412489,1.5957894736842104,5.523395378418486,6.742084432717678,1.4625871263872194,21.1580155354012,0.9914616985715377,0.8586570957761606,0.08798271585776445,0.946639811633925,0.7706743799183962,0.8017884025978844,0.2975843315689236,0.0,0.844887732524778,0.0,0.00039315776841773633,0.0004779968745137778,0.0005653167886477314,0.0004946706188009115,0.0,2.1863139630752437,inf,0.0004340007233821265,0.3675647905011988,0.9418316831683168,761,404,0.05797666740060824,-0.8836633663366336,0.0003990536016427621,1.9976326029647247,0.9182422582830805,0.530880420499343,1.2979230192111475,2000,1.4074156354158671,0.3102794113419345,0.15513970567096724,1.847063224114689,0.04799692454150793,4.799692454150793
TSLA,2020-01-30,79.65364406358258,1030767,0,4.123304403946437e-05,37.54168990691659,34.0,61.0,85937,642.9343165598054,6288598,0.36665962747181485,0.9902534113060428,73.17683884706238,3.7691666666666666,11.083917102698267,14.021632125859641,4.341692032926371,12.474868861015544,0.9942957445072902,0.8868638747189193,0.11285968293193697,0.9997235576508562,0.7740041917869823,4.677742813731862,0.29973341219252875,0.0,0.917891771017973,0.0,0.0009179467477925336,0.0008607856416737546,0.0007721325230580227,0.0008899180731807605,1.253549522993264e-10,2.9339148618761155,22758.781955386297,0.0008936178766899633,0.3198296571303778,0.5821823204419889,843,724,0.029499213737443346,-0.16436464088397784,0.001058234404342298,3.2530514971981277,0.9907370047292818,0.8588374851720048,1.4021019078232844,2000,0.6697602867415192,0.29072449553310964,0.14536224776655482,2.3197079854244134,0.08139170018636992,8.13917001863699
